side,entry_time,exit_time,result,entry,stop0,risk_pct,r_net_pct,margin_pnl_10x,mae_pct,hold_days,P0,H1,R_low,R_high,fills
L,2019-04-13 20:00,2019-04-15 16:00,stop,5036.69,4988.99,0.947,-1.127,-11.27,-0.73,2.00,4927.00,5332.67,5004.00,5078.70,stop@4989
L,2019-05-17 08:00,2019-05-17 12:00,stop,7239.95,6979.00,3.604,-3.734,-37.34,-2.54,0.33,6870.00,8366.00,7000.00,7925.00,stop@6979
L,2019-05-30 00:00,2019-05-30 20:00,stop,8605.54,8501.65,1.207,1.487,14.87,-1.07,1.00,7833.42,8908.32,8527.23,8750.00,tp@8927 tp@9042 stop@8502
S,2019-06-04 12:00,2019-06-12 12:00,stop,8017.04,8140.01,1.534,1.972,19.72,-1.03,8.17,8814.78,8080.80,8115.66,7800.00,tp@7849 tp@7753 tp@7597 stop@8140
L,2019-06-25 16:00,2019-06-26 04:00,tp,11272.18,11124.44,1.311,8.496,84.96,-0.05,0.67,9921.72,11392.64,11157.91,11499.24,tp@11749 tp@11969 tp@12326 tp@12902
L,2019-06-29 08:00,2019-06-30 12:00,stop,11757.37,11465.50,2.482,-1.552,-15.52,-2.18,1.33,10525.10,13478.04,11500.00,12441.54,tp@11969 stop@11466
S,2019-07-02 12:00,2019-07-02 16:00,stop,10446.73,10732.10,2.732,-2.862,-28.62,-2.02,0.33,12441.54,10030.00,10700.00,9760.02,stop@10732
S,2019-07-14 04:00,2019-08-02 00:00,dexit,11292.45,11514.22,1.964,12.291,122.91,-0.48,19.00,12111.73,10830.00,11479.78,10830.00,tp@9395 tp@9191 dexit@10375
L,2019-08-09 08:00,2019-08-10 08:00,stop,11701.98,11515.35,1.595,-1.750,-17.50,-0.02,1.17,10927.80,12330.70,11550.00,12045.68,stop@11515
S,2019-08-17 08:00,2019-08-19 04:00,stop,10425.59,10567.64,1.362,0.134,1.34,-0.71,2.00,10897.48,9750.00,10536.03,10201.00,tp@10392 tp@10061 stop@10568
S,2019-08-29 12:00,2019-09-01 20:00,stop,9599.77,9753.17,1.598,-1.096,-10.96,-1.00,3.50,10604.00,9601.01,9724.00,9320.00,tp@9482 stop@9753
S,2019-10-10 00:00,2019-10-11 04:00,stop,8519.36,8689.91,2.002,-2.162,-21.62,-1.46,1.33,9794.99,7710.00,8663.92,8160.00,stop@8690
S,2019-11-24 00:00,2019-11-27 16:00,stop,7300.76,7400.38,1.365,-1.600,-16.00,-1.05,3.83,8134.73,6790.00,7378.25,7143.00,stop@7400
L,2019-12-01 16:00,2019-12-02 04:00,stop,7294.90,7188.37,1.460,-1.600,-16.00,-0.27,0.67,6840.00,7850.00,7210.00,7477.29,stop@7188
S,2019-12-06 00:00,2019-12-06 16:00,stop,7410.78,7507.45,1.305,-1.450,-14.50,-0.44,0.83,7750.00,7067.00,7485.00,7265.00,stop@7507
S,2019-12-15 12:00,2019-12-17 16:00,tp,7139.89,7221.90,1.149,4.216,42.16,-0.14,2.33,7650.00,7012.00,7200.30,7035.37,tp@6967 tp@6906 tp@6806 tp@6645
S,2019-12-21 00:00,2019-12-22 16:00,stop,7175.95,7255.70,1.111,-1.286,-12.86,-0.34,1.83,7440.00,6435.00,7234.00,7079.50,stop@7256
L,2020-01-08 12:00,2020-01-08 16:00,stop,8222.05,8117.57,1.271,-1.401,-14.01,-0.46,0.33,6871.04,7795.34,8142.00,8377.00,stop@8118
L,2020-01-12 04:00,2020-02-19 20:00,v,8094.20,7979.15,1.421,17.292,172.92,-0.47,38.83,7672.00,8286.34,8003.16,8286.34,v@9594
S,2020-03-01 12:00,2020-03-02 12:00,stop,8718.92,8816.37,1.118,-1.273,-12.73,-0.67,1.17,9377.44,8445.00,8790.00,8600.00,stop@8816
S,2020-03-09 20:00,2020-03-10 08:00,stop,7939.98,8090.59,1.897,-2.037,-20.37,-0.38,0.67,9188.00,8000.00,8066.39,7632.01,stop@8091
S,2020-03-11 20:00,2020-03-12 08:00,tp,7961.03,8062.22,1.271,4.606,46.06,-0.24,0.67,8886.76,7632.01,8038.11,7813.00,tp@7827 tp@7720 tp@7546 tp@7266
S,2020-03-15 12:00,2020-03-15 20:00,stop,5530.41,5716.10,3.358,-3.493,-34.93,-1.15,0.50,7966.17,3782.13,5699.00,5055.13,stop@5716
L,2020-03-20 16:00,2020-03-20 20:00,stop,6273.60,6037.38,3.765,-3.895,-38.95,-1.91,0.33,4921.45,6400.00,6055.55,6900.00,stop@6037
L,2020-03-22 12:00,2020-03-22 20:00,stop,5975.83,5842.44,2.232,-2.367,-23.67,-1.89,0.50,5252.53,6900.00,5860.02,6275.00,stop@5842
L,2020-04-09 00:00,2020-04-09 08:00,stop,7266.57,7178.40,1.213,-1.348,-13.48,-0.44,0.50,6765.00,7459.69,7200.00,7390.00,stop@7178
S,2020-04-15 04:00,2020-04-16 08:00,stop,6917.55,6998.93,1.176,1.569,15.69,-0.90,1.33,7295.75,6575.00,6978.00,6810.06,tp@6635 tp@6570 stop@6999
L,2020-04-30 08:00,2020-05-10 00:00,stop,8581.15,8300.25,3.273,-3.688,-36.88,-2.10,9.83,7020.00,7705.00,8325.23,9300.87,stop@8300
L,2020-05-24 00:00,2020-05-24 12:00,stop,9139.26,9042.79,1.056,-1.196,-11.96,-0.43,0.67,8815.00,9578.47,9070.00,9247.63,stop@9043
L,2020-06-04 08:00,2020-06-11 16:00,stop,9459.87,9337.11,1.298,-0.135,-1.35,-0.92,7.50,9266.00,10228.99,9365.21,9646.43,tp@9900 stop@9337
S,2020-06-16 16:00,2020-06-22 16:00,stop,9506.87,9606.06,1.043,-1.348,-13.48,-0.61,6.17,9964.00,8910.45,9577.33,9400.00,stop@9606
S,2020-06-28 08:00,2020-06-28 12:00,stop,9063.39,9176.94,1.253,-1.383,-13.83,-0.22,0.33,9780.00,8833.00,9149.49,8900.22,stop@9177
L,2020-08-03 00:00,2020-08-26 00:00,dexit,11047.21,10898.21,1.349,4.248,42.48,-1.01,23.17,9917.21,12123.46,10931.00,11283.41,tp@12446 dexit@11318
L,2020-09-02 00:00,2020-09-02 04:00,stop,11892.68,11761.87,1.100,-1.230,-12.30,-0.57,0.33,11117.64,12050.85,11797.26,12050.85,stop@11762
S,2020-09-06 00:00,2020-09-07 20:00,stop,10193.80,10378.91,1.816,-1.996,-19.96,-1.50,2.00,11462.60,9825.00,10347.87,9825.00,stop@10379
L,2020-09-29 04:00,2020-10-01 16:00,stop,10720.04,10594.12,1.175,-1.375,-13.75,-0.79,2.67,10136.82,10950.00,10626.00,10888.59,stop@10594
L,2020-10-28 04:00,2020-10-28 08:00,stop,13625.59,13459.50,1.219,-1.349,-13.49,-0.88,0.33,11886.95,13350.00,13500.00,13859.48,stop@13460
L,2020-11-08 00:00,2020-12-12 00:00,dexit,14804.88,14516.32,1.949,15.487,154.87,-0.68,34.17,14093.56,15960.00,14560.00,15410.00,tp@14925 dexit@18037
L,2020-12-29 04:00,2021-01-02 16:00,tp,26169.16,25622.90,2.087,17.152,171.52,-1.10,4.67,24500.00,28422.00,25700.00,27356.30,tp@29387 tp@29981 tp@30946 tp@32505
L,2021-01-09 04:00,2021-01-10 12:00,stop,39318.10,38536.04,1.989,-1.027,-10.27,-1.52,1.50,33288.00,41950.00,38652.00,40976.13,tp@40277 stop@38536
S,2021-01-12 00:00,2021-01-12 04:00,stop,34853.29,36469.08,4.636,-4.766,-47.66,-1.99,0.33,41380.00,30420.00,36360.00,30420.00,stop@36469
S,2021-01-18 04:00,2021-01-18 12:00,stop,36269.12,36963.06,1.913,-2.048,-20.48,-1.05,0.50,39747.76,33850.00,36852.50,34842.99,stop@36963
S,2021-01-21 00:00,2021-01-29 08:00,stop,35233.87,36046.94,2.308,2.333,23.33,-1.04,8.50,37850.00,33400.00,35939.12,33400.00,tp@29007 stop@36047
L,2021-02-11 00:00,2021-02-23 04:00,v,44536.67,43595.82,2.113,9.156,91.56,-1.22,12.33,37988.89,48142.19,43727.00,46593.34,tp@46307 v@49640
L,2021-03-22 00:00,2021-03-22 16:00,stop,56568.72,55702.62,1.531,-1.676,-16.76,-0.49,0.83,54123.69,60129.97,55870.23,58113.00,stop@55703
L,2021-04-20 00:00,2021-04-20 04:00,stop,55075.58,54058.92,1.846,-1.976,-19.76,-1.52,0.33,50931.30,60499.00,54221.58,57142.20,stop@54059
S,2021-04-25 12:00,2021-04-26 00:00,stop,50414.52,51153.00,1.465,1.292,12.92,-0.30,0.67,55521.48,47500.00,51000.00,49161.94,tp@48899 tp@47646 stop@51153
L,2021-05-01 12:00,2021-05-02 04:00,stop,57036.60,56205.09,1.458,-1.603,-16.03,-1.25,0.83,48753.44,56428.00,56374.21,58458.07,stop@56205
L,2021-05-03 12:00,2021-05-04 00:00,stop,57276.03,56355.43,1.607,-1.747,-17.47,-1.47,0.67,53013.01,58458.07,56525.00,58981.44,stop@56355
S,2021-05-17 20:00,2021-05-19 12:00,tp,44768.73,45937.40,2.610,14.109,141.09,-2.30,1.83,51483.00,43825.39,45800.00,42001.00,tp@41537 tp@40126 tp@37838 tp@34138
S,2021-05-19 20:00,2021-05-20 12:00,stop,38203.48,41010.66,7.348,-5.397,-53.97,-6.75,0.83,49795.89,42001.00,40888.00,30000.00,tp@37838 stop@41011
S,2021-05-21 00:00,2021-05-25 00:00,v,41302.75,42579.03,3.090,8.788,87.88,-2.17,4.17,45799.29,30000.00,42451.67,38110.00,tp@40126 tp@37838 tp@34138 v@38305
L,2021-06-03 00:00,2021-06-04 04:00,stop,37439.96,36947.43,1.316,-1.476,-14.76,-0.72,1.33,34153.84,38225.00,37058.61,38200.00,stop@36947
L,2021-07-07 20:00,2021-07-08 00:00,stop,33868.83,33431.40,1.292,-1.422,-14.22,-0.27,0.33,32699.00,35967.85,33532.00,34530.00,stop@33431
S,2021-07-17 08:00,2021-07-18 00:00,stop,31897.17,32345.93,1.407,-0.127,-1.27,-0.18,0.83,34678.43,31550.00,32249.18,31164.31,tp@31607 tp@31318 stop@32346
L,2021-08-22 20:00,2021-08-24 16:00,stop,48468.95,47905.85,1.162,1.201,12.01,-0.53,2.00,43927.70,49382.99,48050.00,49210.93,tp@48927 tp@49410 tp@50193 stop@47906
L,2021-09-03 20:00,2021-09-07 12:00,stop,49816.26,49107.80,1.422,2.128,21.28,-0.90,3.83,46250.00,50450.13,49255.57,51000.00,tp@51120 tp@51503 tp@52124 stop@49108
S,2021-09-22 04:00,2021-09-22 16:00,stop,42296.21,43425.55,2.670,-1.994,-19.94,-2.36,0.67,48843.20,39600.00,43295.66,39600.00,tp@42078 stop@43426
L,2021-09-26 00:00,2021-09-26 04:00,stop,42083.81,41521.34,1.337,-1.467,-14.67,-0.43,0.33,40675.00,45200.00,41646.28,42966.84,stop@41521
L,2021-10-07 20:00,2021-10-28 00:00,dexit,53834.97,53196.93,1.185,5.999,59.99,-0.42,20.33,43283.03,49536.12,53357.00,54700.00,tp@54465 dexit@58413
L,2021-10-30 04:00,2021-10-31 08:00,stop,61421.50,60517.52,1.472,-1.632,-16.32,-1.22,1.33,57820.00,62980.00,60699.62,62980.00,stop@60518
L,2021-11-12 08:00,2021-11-12 16:00,stop,63624.93,62634.43,1.557,-1.692,-16.92,-1.14,0.50,62822.90,69000.00,62822.90,65414.94,stop@62634
S,2021-11-19 12:00,2021-11-20 00:00,stop,57630.68,58660.39,1.787,-1.927,-19.27,-1.20,0.67,63617.31,56474.26,58484.94,55600.00,stop@58660
S,2021-12-06 12:00,2021-12-06 20:00,stop,48938.42,49848.15,1.859,-1.994,-19.94,-0.87,0.50,57600.00,42000.30,49699.05,47100.00,stop@49848
S,2021-12-14 08:00,2021-12-14 20:00,stop,47384.15,48075.99,1.460,-1.600,-16.00,-1.21,0.67,50777.00,45672.75,47932.19,46214.13,stop@48076
S,2021-12-18 04:00,2021-12-19 00:00,stop,46856.72,47582.42,1.549,-1.699,-16.99,-1.14,1.00,50189.97,45456.00,47440.10,45565.58,stop@47582
S,2022-01-08 00:00,2022-01-11 16:00,stop,42219.89,43012.12,1.876,-1.324,-13.24,-1.34,3.83,47070.00,40610.00,42883.47,40610.00,tp@41717 stop@43012
S,2022-01-22 20:00,2022-01-23 20:00,stop,35625.51,36301.34,1.897,-2.052,-20.52,-1.47,1.17,44500.00,40553.31,36192.76,34243.38,stop@36301
S,2022-01-25 12:00,2022-01-26 04:00,stop,37061.15,37662.65,1.623,-1.768,-17.68,-1.31,0.83,41100.00,32917.17,37550.00,35951.13,stop@37663
L,2022-01-30 12:00,2022-01-31 00:00,stop,37724.02,37156.63,1.504,-1.644,-16.44,-0.99,0.67,35507.01,38720.74,37268.44,38720.74,stop@37157
L,2022-02-12 00:00,2022-02-12 04:00,stop,42582.62,41923.85,1.547,-1.677,-16.77,-1.00,0.33,37026.73,45821.00,42050.00,43767.16,stop@41924
S,2022-02-25 12:00,2022-02-26 00:00,stop,39322.43,39962.53,1.628,-1.768,-17.68,-0.92,0.67,44164.71,34322.28,39843.00,38138.54,stop@39963
S,2022-03-08 00:00,2022-03-09 00:00,stop,38865.97,39666.21,2.059,-2.214,-22.14,-1.28,1.17,42527.30,37155.00,39547.57,37155.00,stop@39666
S,2022-03-14 16:00,2022-03-14 20:00,stop,39020.21,39417.88,1.019,-1.149,-11.49,-0.09,0.33,42039.63,37578.51,39299.98,38612.01,stop@39418
L,2022-04-13 00:00,2022-04-18 04:00,stop,39643.20,39143.61,1.260,-1.540,-15.40,-0.24,5.33,39200.00,42414.71,39261.39,40376.80,stop@39144
S,2022-05-03 08:00,2022-05-04 08:00,stop,38644.12,39025.29,0.986,-1.141,-11.41,-0.29,1.17,40797.31,37386.38,38908.56,38280.76,stop@39025
S,2022-05-10 12:00,2022-05-16 00:00,dexit,32076.55,32756.97,2.121,3.306,33.06,-0.96,5.67,39845.51,30033.33,32658.99,30600.00,tp@31304 tp@29814 dexit@31329
S,2022-06-08 00:00,2022-06-12 00:00,tp,30939.75,31524.14,1.889,8.672,86.72,-1.25,4.17,31765.64,29218.96,31429.85,29747.62,tp@28827 tp@28547 tp@28092 tp@27356
S,2022-06-12 12:00,2022-06-21 04:00,v,28140.51,28630.59,1.742,19.080,190.80,-0.74,8.83,31589.60,28850.00,28544.96,27190.00,tp@27356 v@21120
L,2022-07-19 04:00,2022-07-19 16:00,tp,21824.68,21323.84,2.295,3.689,36.89,-1.12,0.67,18910.94,20900.00,21388.00,22961.72,tp@22089 tp@22339 tp@22744 tp@23399
L,2022-07-22 16:00,2022-07-23 08:00,stop,22613.59,22274.44,1.500,-1.106,-11.06,-0.50,0.83,20762.45,24276.74,22341.46,23207.94,tp@22744 stop@22274
S,2022-08-23 00:00,2022-08-23 12:00,stop,21346.25,21613.36,1.251,-1.391,-13.91,-0.95,0.67,23208.67,20761.90,21548.71,20963.00,stop@21613
S,2022-08-30 00:00,2022-08-30 04:00,stop,20186.80,20445.40,1.281,-1.411,-14.11,-0.55,0.33,21886.77,19520.00,20384.25,19805.00,stop@20445
L,2022-09-18 08:00,2022-09-18 16:00,stop,19911.69,19688.84,1.119,-1.254,-12.54,-0.94,0.50,19291.75,22799.00,19748.08,20189.00,stop@19689
L,2022-09-28 08:00,2022-10-13 12:00,stop,18708.25,18415.87,1.563,2.948,29.48,-0.77,15.33,18356.39,20385.86,18471.28,19238.28,tp@20223 tp@20388 stop@18416
S,2022-11-22 20:00,2022-11-23 00:00,stop,16117.43,16363.94,1.530,-1.660,-16.60,-0.85,0.33,17190.00,15476.00,16315.00,15683.33,stop@16364
L,2023-01-13 12:00,2023-02-11 00:00,dexit,18851.59,18657.98,1.027,13.783,137.83,-0.21,28.67,16256.30,18000.00,18714.12,19057.70,dexit@21625
L,2023-02-16 12:00,2023-02-16 20:00,stop,24464.51,24205.74,1.058,-0.679,-6.79,-0.74,0.50,21351.07,24380.00,24278.58,24756.35,tp@24689 stop@24206
L,2023-02-19 08:00,2023-02-19 16:00,stop,24609.10,24356.71,1.026,-0.803,-8.03,-0.20,0.50,22047.28,25250.00,24430.00,24877.00,tp@24689 stop@24357
L,2023-03-15 08:00,2023-03-15 16:00,stop,24308.21,23904.49,1.661,-1.175,-11.75,-0.22,0.50,20270.60,26386.87,23976.42,25074.24,tp@24489 stop@23904
L,2023-03-18 16:00,2023-04-21 00:00,dexit,26696.16,26185.21,1.914,4.722,47.22,-0.70,33.50,23896.95,27756.84,26264.00,27756.84,dexit@28244
L,2023-04-27 12:00,2023-05-01 04:00,stop,28677.04,28293.72,1.337,-1.572,-15.72,-1.07,3.83,26942.82,30036.00,28378.86,29278.88,stop@28294
S,2023-06-15 12:00,2023-06-15 16:00,stop,25035.25,25282.14,0.986,-1.116,-11.16,-0.29,0.33,27391.77,24820.56,25206.52,24800.00,stop@25282
L,2023-06-24 12:00,2023-06-30 12:00,stop,30360.81,29821.34,1.777,-2.082,-20.82,-1.65,6.17,28257.99,31431.94,29911.07,31431.94,stop@29821
S,2023-08-25 12:00,2023-08-29 12:00,stop,26228.21,26523.35,1.125,-1.370,-13.70,-0.33,4.17,28783.48,25300.00,26444.02,25864.00,stop@26523
L,2023-10-21 00:00,2024-01-12 20:00,v,29476.93,29140.07,1.143,42.550,425.50,-0.04,84.00,27112.66,30207.55,29227.75,29910.00,v@42783
L,2024-03-04 00:00,2024-03-05 16:00,stop,62340.50,61635.63,1.131,2.637,26.37,-0.06,1.83,56691.85,63676.35,61821.09,63231.88,tp@65912 tp@67091 stop@61636
L,2024-03-10 12:00,2024-03-11 00:00,stop,68804.07,67995.40,1.175,-1.315,-13.15,-1.03,0.67,62779.14,69990.00,68200.00,69887.61,stop@67995
L,2024-04-08 00:00,2024-04-09 12:00,stop,69405.82,68643.22,1.099,0.061,0.61,-0.52,1.67,64493.07,69692.00,68849.77,70326.29,tp@72280 stop@68643
S,2024-05-04 16:00,2024-05-06 08:00,stop,63966.24,64733.62,1.200,-1.375,-13.75,-1.06,1.83,64734.00,56552.82,64540.00,62924.37,stop@64734
L,2024-05-19 04:00,2024-05-19 16:00,stop,66964.16,66400.20,0.842,-0.541,-5.41,-0.43,0.67,60187.12,66444.16,66600.00,67294.35,tp@67530 stop@66400
S,2024-07-05 12:00,2024-07-06 16:00,stop,56418.06,57718.64,2.305,-2.465,-24.65,-1.81,1.33,63861.76,56771.00,57546.00,53485.93,stop@57719
L,2024-08-29 00:00,2024-08-30 12:00,stop,59024.81,58267.74,1.283,-1.453,-14.53,-0.58,1.67,58034.01,63212.00,58443.07,60160.00,stop@58268
L,2024-10-15 16:00,2024-12-05 20:00,v,66047.31,65005.40,1.578,22.702,227.02,-1.19,51.33,58946.00,66500.00,65201.00,67950.00,tp@66591 tp@67897 v@96946
S,2025-01-02 00:00,2025-01-02 08:00,stop,95241.16,96538.75,1.362,-1.497,-14.97,-0.80,0.50,99963.70,91530.45,96250.00,93189.59,stop@96539
L,2025-02-01 00:00,2025-02-01 08:00,stop,103245.58,101815.63,1.385,-1.520,-15.20,-1.09,0.50,97777.77,106457.44,102122.00,105574.40,stop@101816
S,2025-02-13 20:00,2025-02-14 16:00,stop,96747.71,97857.52,1.147,-1.297,-12.97,-0.85,1.00,102500.01,94088.23,97564.83,95336.00,stop@97858
S,2025-03-01 20:00,2025-03-02 12:00,stop,85775.13,86817.67,1.215,-1.360,-13.60,-0.95,0.83,89414.15,78258.52,86558.00,84334.39,stop@86818
S,2025-03-12 08:00,2025-03-12 12:00,stop,82946.68,84034.61,1.312,-1.442,-14.42,-0.16,0.33,86500.00,76606.00,83783.26,81296.00,stop@84035
L,2025-04-13 08:00,2025-04-13 16:00,stop,84300.58,83224.52,1.276,-1.411,-14.11,-0.97,0.50,74620.00,84300.00,83474.94,85905.00,stop@83225
L,2025-06-10 12:00,2025-06-12 08:00,stop,108643.91,107313.00,1.225,-0.940,-9.40,-1.22,2.00,100372.26,110530.17,107635.91,110530.17,tp@109248 stop@107313
L,2025-08-13 00:00,2025-08-13 20:00,tp,119122.60,117930.15,1.001,2.020,20.20,-0.17,1.00,111920.00,122335.16,118285.00,120324.43,tp@120284 tp@120883 tp@121856 tp@123428
S,2025-11-02 20:00,2025-11-04 16:00,tp,110559.93,111583.76,0.926,6.171,61.71,-0.17,2.00,116400.00,106304.34,111250.01,109735.59,tp@105382 tp@104590 tp@103305 tp@101228
S,2025-11-15 00:00,2025-11-25 00:00,dexit,96319.20,97703.34,1.437,5.504,55.04,-0.55,10.17,107500.00,98000.40,97411.11,94012.45,tp@94435 tp@91648 dexit@88300
L,2025-12-03 12:00,2025-12-05 12:00,stop,91965.83,90717.26,1.358,-1.543,-15.43,-1.17,2.17,83822.76,92307.65,90990.23,93958.58,stop@90717
L,2026-01-09 08:00,2026-01-13 20:00,tp,90089.75,89043.07,1.162,3.648,36.48,-0.44,4.67,84450.01,94789.08,89311.00,91469.00,tp@92541 tp@92991 tp@93721 tp@94902
S,2026-02-03 04:00,2026-02-05 16:00,tp,78699.48,79598.08,1.142,10.233,102.33,-0.49,2.67,84270.02,74604.00,79360.00,77564.62,tp@73525 tp@72184 tp@70008 tp@66492
S,2026-02-08 08:00,2026-02-08 20:00,stop,70508.52,71905.14,1.981,-1.428,-14.28,-1.48,0.67,73341.18,60000.00,71690.07,67582.48,tp@70008 stop@71905
S,2026-02-24 16:00,2026-02-25 00:00,stop,64284.39,65221.83,1.458,-1.065,-10.65,-0.71,0.50,70983.00,63888.79,65026.75,62700.80,tp@63915 stop@65222
S,2026-06-26 12:00,2026-07-01 20:00,stop,60220.02,60942.27,1.199,-0.728,-7.28,-1.20,5.50,67292.15,59102.70,60759.99,59239.78,tp@59170 stop@60942
L,2026-08-22 04:00,2026-08-23 04:00,stop,77062.14,76007.05,1.369,-1.524,-15.24,-0.73,1.17,64166.00,79500.00,76235.76,78760.68,stop@76007
L,2026-08-25 08:00,2026-08-25 12:00,stop,79367.75,78233.20,1.429,-1.559,-15.59,-0.60,0.33,73027.02,80000.00,78468.61,81272.62,stop@78233
