version,candidate_id,entry_time,entry_px,year,r_6h,r_24h,r_3d,r_7d,r_14d,r_30d,base_mean_6h,base_mean_24h,base_mean_3d,base_mean_7d,base_mean_14d,base_mean_30d,excess_6h,excess_24h,excess_3d,excess_7d,excess_14d,excess_30d
V2,0.236-1,2019-04-13 20:10,5036.69,2019,0.00264,0.00735,0.02200,0.05109,0.05458,0.44067,-0.00146,-0.00059,-0.00638,0.01857,0.04577,0.29562,0.00410,0.00793,0.02839,0.03252,0.00881,0.14505
V2,0.236-2,2019-05-14 16:00,8034.01,2019,-0.02956,-0.00159,-0.13209,-0.02026,0.07710,0.01477,0.00956,0.02994,0.05267,0.06360,0.14379,0.13517,-0.03912,-0.03153,-0.18476,-0.08386,-0.06668,-0.12041
V2,0.236-3,2019-05-17 08:05,7239.95,2019,0.00136,0.01397,0.07995,0.08568,0.13506,0.25019,0.00786,0.03694,0.04163,0.06255,0.11789,0.12491,-0.00649,-0.02297,0.03832,0.02312,0.01716,0.12527
V2,0.236-4,2019-05-30 00:05,8605.54,2019,0.01215,-0.03442,-0.00432,-0.10354,-0.05867,0.36821,0.00683,0.00992,-0.00360,-0.03998,-0.01600,0.28520,0.00532,-0.04434,-0.00072,-0.06357,-0.04266,0.08302
V2,0.236-5,2019-06-25 17:40,11272.18,2019,0.04593,0.18017,0.05667,-0.04751,0.10738,-0.11965,-0.00601,0.01077,0.02083,-0.02081,0.02902,-0.13797,0.05194,0.16940,0.03584,-0.02670,0.07836,0.01832
V2,0.236-6,2019-06-29 08:30,11757.37,2019,0.02200,0.00323,-0.15592,-0.03693,-0.01922,-0.20164,-0.01127,-0.01378,-0.02773,-0.02036,-0.03447,-0.16951,0.03326,0.01702,-0.12819,-0.01657,0.01525,-0.03213
V2,0.236-7,2019-07-11 04:00,11755.98,2019,-0.02547,-0.05464,-0.03877,-0.19283,-0.15204,0.00516,-0.00627,-0.02926,-0.06717,-0.12288,-0.15755,-0.00911,-0.01919,-0.02537,0.02839,-0.06995,0.00551,0.01427
V2,0.236-8,2019-07-21 04:00,10716.00,2019,-0.00946,-0.00851,-0.10698,-0.12164,0.00157,0.00707,-0.00699,-0.01285,-0.02239,-0.03289,0.06291,0.00768,-0.00247,0.00434,-0.08459,-0.08875,-0.06134,-0.00061
V2,0.236-9,2019-08-08 13:55,11745.95,2019,-0.01114,0.00704,-0.02952,-0.15937,-0.14921,-0.12419,0.00070,0.00314,-0.03083,-0.08448,-0.12408,-0.10949,-0.01184,0.00390,0.00131,-0.07489,-0.02513,-0.01471
V2,0.236-10,2019-11-30 14:25,7538.68,2019,-0.00770,-0.01468,-0.03132,-0.00169,-0.05468,-0.02900,-0.00078,0.00540,0.01330,-0.00283,-0.04002,-0.01693,-0.00692,-0.02008,-0.04462,0.00114,-0.01466,-0.01207
V2,0.236-11,2020-01-07 13:05,7830.49,2020,0.03039,0.05348,0.00563,0.08335,0.09999,0.22894,0.00738,0.01389,0.05496,0.09514,0.10651,0.22405,0.02302,0.03959,-0.04933,-0.01179,-0.00652,0.00489
V2,0.236-12,2020-01-12 04:00,8094.20,2020,0.00318,0.00010,0.07275,0.12282,0.03241,0.18343,-0.00113,0.01294,0.03612,0.04515,0.05998,0.19557,0.00431,-0.01284,0.03663,0.07767,-0.02757,-0.01214
V2,0.236-13,2020-01-17 12:20,8785.85,2020,0.01373,0.01212,-0.02199,-0.04678,0.05660,0.12433,0.00125,0.00471,0.01154,-0.00207,0.06237,0.15995,0.01248,0.00741,-0.03354,-0.04471,-0.00577,-0.03562
V2,0.236-14,2020-01-28 15:00,8988.54,2020,0.00959,0.03488,0.03177,0.02144,0.09246,-0.01277,0.00173,0.00700,0.02552,0.06238,0.11258,0.01117,0.00786,0.02789,0.00625,-0.04095,-0.02013,-0.02394
V2,0.236-15,2020-02-19 20:35,10097.65,2020,-0.06000,-0.05478,-0.04146,-0.13573,-0.14753,-0.53983,-0.00473,-0.00736,-0.01946,-0.06887,-0.11610,-0.52631,-0.05527,-0.04742,-0.02200,-0.06686,-0.03143,-0.01352
V2,0.236-16,2020-03-20 18:25,6273.60,2020,-0.02739,-0.01232,0.00372,0.05632,0.07077,0.13053,-0.00038,0.02429,0.04189,0.04173,0.12950,0.16427,-0.02700,-0.03661,-0.03817,0.01459,-0.05873,-0.03375
V2,0.236-17,2020-03-22 12:15,5975.83,2020,-0.00116,0.04050,0.09246,0.02024,0.12724,0.13145,0.01220,0.03562,0.06283,0.08498,0.13214,0.18005,-0.01336,0.00488,0.02963,-0.06474,-0.00490,-0.04860
V2,0.236-18,2020-04-07 12:30,7298.39,2020,0.00246,-0.00467,-0.05529,-0.06684,-0.06587,0.24185,0.00152,-0.00125,0.00351,0.00013,0.03562,0.27009,0.00095,-0.00342,-0.05881,-0.06697,-0.10149,-0.02824
V2,0.236-19,2020-04-09 03:30,7266.57,2020,0.00779,-0.00665,-0.06301,-0.09287,-0.01851,0.30633,-0.00014,-0.01392,-0.02027,0.00201,0.05063,0.25538,0.00793,0.00727,-0.04274,-0.09489,-0.06913,0.05095
V2,0.236-20,2020-04-26 15:05,7524.17,2020,0.01620,0.01788,0.10042,0.15642,0.13591,0.15903,0.00283,0.01978,0.04971,0.14723,0.21453,0.18420,0.01337,-0.00190,0.05072,0.00919,-0.07862,-0.02517
V2,0.236-21,2020-05-10 00:00,9613.65,2020,-0.11120,-0.09305,-0.08635,-0.02739,-0.04789,0.02093,-0.00583,-0.00390,0.00477,0.04454,-0.01034,0.05225,-0.10537,-0.08916,-0.09112,-0.07193,-0.03754,-0.03132
V2,0.236-22,2020-05-24 00:05,9139.26,2020,0.01528,-0.04302,-0.03050,0.05507,0.05375,0.06063,-0.00293,-0.00766,-0.00951,0.01721,0.04399,0.00969,0.01821,-0.03536,-0.02099,0.03785,0.00976,0.05093
V2,0.236-23,2020-06-04 11:30,9459.87,2020,0.03433,0.02762,0.01490,0.03313,-0.00194,-0.04268,-0.00553,0.00185,0.00440,-0.00807,-0.02525,-0.05135,0.03986,0.02577,0.01049,0.04120,0.02331,0.00867
V2,0.236-24,2020-08-03 00:00,11047.21,2020,0.01327,0.01904,0.06318,0.05702,0.07530,0.07777,-0.00595,-0.00577,0.00762,0.02350,0.03116,-0.00320,0.01921,0.02481,0.05556,0.03353,0.04414,0.08097
V2,0.236-25,2020-09-02 00:35,11892.68,2020,-0.01139,-0.04022,-0.12013,-0.16176,-0.10384,-0.11429,0.00192,-0.01112,-0.02864,-0.06112,-0.02588,-0.02902,-0.01331,-0.02910,-0.09149,-0.10064,-0.07796,-0.08527
V2,0.236-26,2020-09-29 04:00,10720.04,2020,0.00079,0.00272,-0.00787,0.00486,0.06797,0.21310,0.00268,0.00079,-0.00129,0.00088,0.05725,0.21811,-0.00189,0.00193,-0.00658,0.00398,0.01073,-0.00500
V2,0.236-27,2020-10-28 07:10,13625.59,2020,-0.02295,-0.02705,-0.00248,0.01223,0.12202,0.23193,0.00288,0.00456,0.01289,0.06669,0.15671,0.33689,-0.02583,-0.03161,-0.01537,-0.05447,-0.03469,-0.10495
V2,0.236-28,2020-11-08 00:00,14804.88,2020,0.01528,0.04571,0.03165,0.08176,0.23283,0.25719,0.00130,0.01334,0.02784,0.08839,0.17622,0.20081,0.01398,0.03236,0.00381,-0.00663,0.05661,0.05638
V2,0.236-29,2020-12-04 10:05,19275.80,2020,-0.01565,-0.00741,-0.00515,-0.08155,0.17806,0.57343,-0.00099,-0.00290,-0.01492,-0.01940,0.14078,0.51503,-0.01466,-0.00451,0.00977,-0.06214,0.03728,0.05840
V2,0.236-30,2020-12-29 05:10,26169.16,2020,0.02374,0.06617,0.10707,0.17150,0.30095,0.17583,0.01171,0.02973,0.08622,0.20142,0.35982,0.22353,0.01203,0.03643,0.02085,-0.02992,-0.05887,-0.04770
V2,0.236-31,2020-12-31 12:55,28480.64,2020,0.01366,0.02609,0.18018,0.28682,0.29513,0.16981,0.01235,0.02214,0.07682,0.20767,0.23282,0.14800,0.00130,0.00395,0.10336,0.07914,0.06230,0.02181
V2,0.236-32,2021-01-09 05:55,39318.10,2021,0.03124,0.02843,-0.09143,-0.09222,-0.16461,-0.01643,0.00845,0.01494,0.05721,0.01702,-0.04694,0.15789,0.02279,0.01349,-0.14864,-0.10924,-0.11767,-0.17432
V2,0.236-33,2021-01-15 04:15,38362.89,2021,0.00399,-0.05424,-0.08917,-0.20690,-0.14532,0.21038,-0.00191,-0.00325,-0.02183,-0.04013,-0.09200,0.29523,0.00590,-0.05099,-0.06734,-0.16676,-0.05332,-0.08484
V2,0.236-34,2021-01-26 04:00,32375.92,2021,-0.00960,-0.02364,0.04296,0.03508,0.35987,0.43542,-0.00410,-0.00912,0.01515,0.10254,0.27599,0.40183,-0.00550,-0.01452,0.02781,-0.06745,0.08388,0.03360
V2,0.236-35,2021-02-09 16:15,46258.00,2021,0.01002,-0.03426,0.02484,0.05396,0.03675,0.20248,0.00440,0.02887,0.05010,0.14143,0.08711,0.23344,0.00562,-0.06313,-0.02526,-0.08747,-0.05035,-0.03095
V2,0.236-36,2021-02-11 00:10,44536.67,2021,0.00484,0.08439,0.06537,0.16283,0.10677,0.24047,0.00119,0.02700,0.08063,0.15274,0.13128,0.23569,0.00364,0.05740,-0.01526,0.01009,-0.02451,0.00478
V2,0.236-37,2021-02-13 08:00,46740.34,2021,0.00314,0.04203,0.05323,0.17076,0.01041,0.21640,0.00374,0.00844,0.04554,0.07992,0.02402,0.19141,-0.00061,0.03359,0.00770,0.09084,-0.01361,0.02499
V2,0.236-38,2021-02-18 07:25,51367.58,2021,0.00500,0.00684,0.08560,-0.01733,-0.03354,0.12822,0.00331,-0.00274,0.02853,0.01170,-0.04041,0.11304,0.00169,0.00958,0.05706,-0.02903,0.00687,0.01518
V2,0.236-39,2021-03-06 12:10,47632.56,2021,0.01280,0.06347,0.12708,0.22944,0.21582,0.19669,-0.00035,0.00095,0.04370,0.10358,0.11506,0.13635,0.01315,0.06252,0.08338,0.12586,0.10076,0.06034
V2,0.236-40,2021-03-16 00:00,55662.53,2021,-0.02538,0.02387,0.03565,-0.02920,0.03472,0.12700,0.00696,0.02188,0.00118,-0.02023,-0.00395,0.06714,-0.03234,0.00199,0.03447,-0.00897,0.03867,0.05986
V2,0.236-41,2021-03-20 20:20,58343.68,2021,-0.00619,-0.00698,-0.06045,-0.04356,-0.00188,-0.04067,0.00494,0.00099,-0.00555,-0.00904,0.04009,0.00276,-0.01113,-0.00796,-0.05490,-0.03452,-0.04197,-0.04343
V2,0.236-42,2021-04-20 00:20,55075.58,2021,-0.00503,0.02901,-0.05804,-0.02561,0.03018,-0.38563,0.00025,-0.02407,-0.06492,-0.09219,-0.01504,-0.30081,-0.00528,0.05308,0.00688,0.06658,0.04521,-0.08483
V2,0.236-43,2021-05-01 15:25,57036.60,2021,0.00978,-0.00760,-0.05023,0.02825,-0.14672,-0.43386,0.00197,0.00153,0.02052,0.01828,-0.14837,-0.40771,0.00781,-0.00912,-0.07075,0.00997,0.00166,-0.02615
V2,0.236-44,2021-05-03 13:50,57276.03,2021,0.00110,-0.03083,0.00301,0.00493,-0.24537,-0.42306,-0.00227,0.00885,0.02386,0.00772,-0.18134,-0.42309,0.00337,-0.03968,-0.02085,-0.00279,-0.06402,0.00003
V2,0.236-45,2021-05-12 16:15,54963.92,2021,-0.03947,-0.09064,-0.12749,-0.39740,-0.33721,-0.39940,-0.01526,-0.03783,-0.13863,-0.27358,-0.33470,-0.30666,-0.02420,-0.05282,0.01114,-0.12382,-0.00251,-0.09274
V2,0.236-46,2021-05-28 00:05,38075.35,2021,-0.03126,-0.06170,-0.05678,0.02159,-0.03178,-0.16996,-0.00488,0.01342,0.02471,-0.00723,-0.00214,-0.06496,-0.02638,-0.07512,-0.08149,0.02882,-0.02965,-0.10500
V2,0.236-47,2021-06-03 00:10,37439.96,2021,0.03290,0.03705,-0.05530,-0.00912,0.02922,-0.10628,-0.01349,-0.01300,-0.00504,0.01023,-0.00742,-0.04753,0.04639,0.05005,-0.05026,-0.01935,0.03664,-0.05875
V2,0.236-48,2021-06-17 00:00,38755.99,2021,0.00033,-0.01996,-0.08521,-0.14171,-0.10300,-0.20990,0.00023,0.00287,-0.02227,-0.08809,-0.08607,-0.13485,0.00010,-0.02283,-0.06294,-0.05363,-0.01693,-0.07505
V2,0.236-49,2021-07-05 00:00,34977.55,2021,-0.01988,-0.03618,-0.03376,-0.01850,-0.09774,0.08676,0.00067,0.00662,0.00188,-0.02236,-0.06428,0.19271,-0.02055,-0.04279,-0.03563,0.00385,-0.03346,-0.10595
V2,0.236-50,2021-08-02 04:00,40032.15,2021,-0.01176,-0.03662,-0.01485,0.08350,0.16981,0.16015,0.00426,0.01330,0.01811,0.07655,0.13631,0.19161,-0.01603,-0.04992,-0.03296,0.00694,0.03350,-0.03146
V2,0.236-51,2021-08-22 00:00,48892.53,2021,0.00579,0.00952,-0.02247,-0.00094,0.02107,-0.13295,0.00814,0.00742,0.02323,0.00908,0.04931,-0.04444,-0.00235,0.00210,-0.04570,-0.01003,-0.02825,-0.08851
V2,0.236-52,2021-09-03 22:10,49816.26,2021,0.00978,0.00800,0.04779,-0.11285,-0.05012,-0.03730,-0.00071,0.01077,-0.01671,-0.05823,-0.05789,-0.01298,0.01049,-0.00277,0.06451,-0.05462,0.00777,-0.02431
V2,0.236-53,2021-09-26 02:10,42083.81,2021,-0.01892,0.04860,-0.01078,0.12540,0.25778,0.39847,-0.00284,0.00776,0.00825,0.06250,0.23176,0.36023,-0.01609,0.04084,-0.01904,0.06290,0.02602,0.03824
V2,0.236-54,2021-10-07 22:20,53834.97,2021,0.00202,0.00575,0.01840,0.06673,0.15479,0.13073,0.00252,0.00641,0.04882,0.10050,0.16964,0.18064,-0.00050,-0.00066,-0.03042,-0.03377,-0.01485,-0.04991
V2,0.236-55,2021-10-09 00:00,54366.06,2021,0.00913,0.00941,0.05173,0.12435,0.10839,0.15337,0.00333,0.02063,0.04564,0.10305,0.12992,0.15667,0.00580,-0.01122,0.00610,0.02130,-0.02153,-0.00330
V2,0.236-56,2021-10-18 13:00,60023.47,2021,0.02510,0.03544,0.08141,0.04351,0.02856,0.00774,0.00492,0.00881,0.02342,-0.00073,0.00083,-0.02302,0.02018,0.02662,0.05798,0.04424,0.02773,0.03076
V2,0.236-57,2021-10-30 05:00,61421.50,2021,0.00873,-0.00068,-0.00178,-0.00299,0.03501,-0.07036,0.00073,0.00078,0.00505,0.03567,0.03563,-0.08281,0.00800,-0.00145,-0.00683,-0.03866,-0.00062,0.01245
V2,0.236-58,2021-11-12 09:55,63624.93,2021,-0.00740,-0.00270,0.03627,-0.11013,-0.14796,-0.26514,0.00148,0.00545,-0.02855,-0.06309,-0.11901,-0.27093,-0.00888,-0.00815,0.06482,-0.04704,-0.02895,0.00579
V2,0.236-59,2022-01-30 14:20,37724.02,2022,-0.00045,-0.01104,0.01489,0.10145,0.11981,0.16575,0.00549,0.01243,0.03025,0.10189,0.12865,0.07503,-0.00594,-0.02347,-0.01536,-0.00045,-0.00883,0.09072
V2,0.236-60,2022-02-12 00:00,42582.62,2022,-0.00871,-0.00941,-0.00002,-0.06319,-0.08274,-0.11943,0.00212,-0.00294,-0.02073,-0.07664,-0.08760,-0.07643,-0.01083,-0.00648,0.02071,0.01345,0.00486,-0.04300
V2,0.236-61,2022-03-04 08:00,41538.10,2022,-0.00417,-0.06274,-0.09414,-0.06077,-0.02362,0.11075,0.00120,0.00861,-0.01187,-0.03267,-0.00068,0.12027,-0.00537,-0.07134,-0.08228,-0.02810,-0.02293,-0.00952
V2,0.236-62,2022-04-13 01:15,39643.20,2022,0.01133,0.04084,0.02449,0.04143,-0.03499,-0.29823,-0.00338,-0.01394,-0.02171,-0.02799,-0.05419,-0.29512,0.01472,0.05478,0.04620,0.06942,0.01920,-0.00311
V2,0.236-63,2022-07-16 04:00,20831.95,2022,-0.01022,0.02382,0.04307,0.08971,0.13228,0.17471,0.01206,0.01827,0.03676,0.00684,0.05910,0.07240,-0.02228,0.00555,0.00631,0.08287,0.07319,0.10231
V2,0.236-64,2022-07-21 04:00,23186.39,2022,-0.00624,-0.01148,-0.03630,-0.00010,-0.00379,-0.09206,0.00276,-0.00928,0.00630,0.02454,0.04237,0.00163,-0.00901,-0.00220,-0.04260,-0.02464,-0.04616,-0.09368
V2,0.236-65,2022-09-15 14:35,19860.10,2022,-0.00438,-0.00702,0.00132,-0.04323,-0.04346,-0.03697,-0.00156,-0.00387,-0.04677,-0.06016,-0.05661,-0.06107,-0.00282,-0.00315,0.04809,0.01693,0.01314,0.02410
V2,0.236-66,2022-09-28 00:00,19142.18,2022,-0.01473,0.01559,0.01469,0.06070,-0.00396,0.05927,0.00109,-0.00077,0.00496,0.02248,0.01057,0.03600,-0.01582,0.01636,0.00974,0.03822,-0.01454,0.02327
V2,0.236-67,2023-01-12 13:30,18040.07,2023,0.04395,0.04508,0.13961,0.14030,0.24615,0.18658,0.00595,0.01990,0.04871,0.11997,0.16718,0.12162,0.03800,0.02518,0.09090,0.02034,0.07898,0.06496
V2,0.236-68,2023-01-24 09:00,22838.13,2023,-0.00113,-0.00851,0.00553,0.00341,0.00308,0.06694,0.00669,0.00848,0.01293,0.02176,-0.00221,0.05228,-0.00783,-0.01699,-0.00740,-0.01835,0.00528,0.01466
V2,0.236-69,2023-02-16 12:10,24464.51,2023,0.01888,-0.02664,0.00926,-0.02975,-0.04413,0.11176,0.00588,0.01628,0.03052,0.04121,-0.00304,0.11951,0.01300,-0.04291,-0.02126,-0.07096,-0.04109,-0.00775
V2,0.236-70,2023-02-19 08:00,24609.10,2023,0.00290,-0.00399,-0.02344,-0.06136,-0.09546,0.11191,0.00062,-0.00313,-0.00829,-0.03020,-0.07733,0.12342,0.00229,-0.00086,-0.01515,-0.03115,-0.01813,-0.01151
V2,0.236-71,2023-03-15 00:00,24708.67,2023,0.00021,-0.01584,0.10355,0.12870,0.09937,0.20633,0.00062,0.02151,0.08729,0.13977,0.15006,0.21553,-0.00041,-0.03735,0.01626,-0.01107,-0.05070,-0.00921
V2,0.236-72,2023-03-18 16:30,26696.16,2023,0.01772,0.04162,0.05397,0.03547,0.06230,0.09777,0.00339,0.01280,0.03719,0.06489,0.06657,0.13108,0.01433,0.02882,0.01678,-0.02942,-0.00427,-0.03331
V2,0.236-73,2023-03-20 02:35,27494.43,2023,0.02714,0.01337,-0.00700,0.01356,0.01094,0.09464,-0.00140,0.00792,0.02790,0.03178,0.05298,0.08535,0.02854,0.00545,-0.03490,-0.01822,-0.04204,0.00929
V2,0.236-74,2023-03-30 04:00,28468.50,2023,0.00408,-0.01072,0.00023,-0.01258,0.05446,0.03054,0.00419,0.00585,0.00996,0.01275,0.06321,0.03243,-0.00011,-0.01657,-0.00973,-0.02533,-0.00875,-0.00189
V2,0.236-75,2023-04-27 12:35,28677.04,2023,0.03556,0.02209,0.01840,0.01384,-0.04401,-0.07028,0.00493,0.00885,0.01992,0.01644,-0.01831,-0.04403,0.03063,0.01324,-0.00152,-0.00260,-0.02570,-0.02625
V2,0.236-76,2023-06-24 15:30,30360.81,2023,0.00523,0.00643,0.00831,0.00741,-0.00479,-0.04323,0.00177,0.00593,0.01224,0.01553,0.01116,-0.02029,0.00345,0.00050,-0.00392,-0.00811,-0.01594,-0.02294
V2,0.236-77,2023-10-21 02:35,29476.93,2023,0.00670,0.01266,0.16342,0.14000,0.16313,0.23443,0.00960,0.02349,0.05446,0.11797,0.14559,0.19850,-0.00290,-0.01083,0.10896,0.02204,0.01754,0.03593
V2,0.236-78,2023-11-17 14:50,35884.32,2023,0.01615,0.01770,0.03896,0.05125,0.06544,0.14872,-0.00139,0.00469,0.00634,0.01911,0.06594,0.14947,0.01754,0.01300,0.03263,0.03214,-0.00050,-0.00075
V2,0.236-79,2023-12-14 13:10,42874.34,2023,-0.00127,-0.00685,-0.02362,0.02726,-0.00454,-0.00456,-0.00295,-0.00407,-0.00473,0.01815,0.00765,0.03230,0.00168,-0.00278,-0.01890,0.00911,-0.01219,-0.03687
V2,0.236-80,2024-01-05 01:45,43612.78,2024,0.00309,0.00893,0.00200,0.05805,-0.05504,-0.01351,-0.00039,0.01040,0.02068,0.02078,-0.03769,-0.01680,0.00348,-0.00147,-0.01868,0.03727,-0.01735,0.00329
V2,0.236-81,2024-01-11 06:15,45619.89,2024,0.03040,0.01475,-0.06249,-0.06210,-0.13311,0.03699,0.00100,0.00147,-0.00223,-0.04741,-0.06641,0.04948,0.02940,0.01328,-0.06026,-0.01468,-0.06670,-0.01249
V2,0.236-82,2024-03-04 00:45,62340.50,2024,0.02064,0.08587,0.06030,0.08733,0.07841,0.04723,0.00576,0.01091,0.03421,0.08741,0.06920,0.07088,0.01488,0.07495,0.02609,-0.00008,0.00920,-0.02364
V2,0.236-83,2024-03-10 14:40,68804.07,2024,0.00718,0.04435,0.05310,-0.02090,-0.04729,0.00551,0.00067,0.00738,-0.00009,-0.03412,-0.03954,0.00245,0.00651,0.03697,0.05319,0.01322,-0.00775,0.00305
V2,0.236-84,2024-04-08 00:00,69405.82,2024,0.00581,0.03138,0.01454,-0.05863,-0.06632,-0.10689,-0.00001,-0.00176,-0.01140,-0.04244,-0.06136,-0.10148,0.00582,0.03314,0.02594,-0.01619,-0.00496,-0.00541
V2,0.236-85,2024-04-14 00:00,64888.76,2024,-0.01041,0.00866,-0.01799,-0.00041,-0.02132,-0.03135,0.00154,-0.01333,-0.04814,-0.06132,-0.05759,-0.07904,-0.01195,0.02199,0.03014,0.06090,0.03627,0.04769
V2,0.236-86,2024-05-16 15:00,65374.79,2024,-0.00069,0.01833,0.02272,0.03806,0.04403,0.01307,0.00281,0.00871,0.02912,0.05267,0.05214,0.02639,-0.00350,0.00962,-0.00641,-0.01461,-0.00811,-0.01332
V2,0.236-87,2024-08-29 00:00,59024.81,2024,0.00852,0.00457,-0.00079,-0.01722,-0.02840,0.10892,-0.00323,-0.01484,-0.03002,-0.06996,-0.05661,0.05906,0.01176,0.01941,0.02923,0.05274,0.02821,0.04985
V2,0.236-88,2024-10-15 04:00,65901.79,2024,-0.00317,0.01820,0.02499,0.02186,0.07350,0.30906,0.00123,0.01541,0.02480,0.03393,0.05843,0.28831,-0.00440,0.00278,0.00019,-0.01207,0.01508,0.02075
V2,0.236-89,2024-11-07 04:05,74905.04,2024,-0.00122,0.01267,0.03106,0.18199,0.25389,0.28335,0.00927,0.02631,0.08577,0.16536,0.23550,0.27409,-0.01049,-0.01364,-0.05471,0.01663,0.01839,0.00926
V2,0.236-90,2024-11-12 10:00,87230.48,2024,-0.00737,0.00243,0.02145,0.05024,0.07006,0.14264,0.01026,0.01640,0.04968,0.09834,0.13412,0.17877,-0.01764,-0.01397,-0.02823,-0.04810,-0.06406,-0.03613
V2,0.236-91,2024-11-14 07:00,89129.18,2024,0.02380,-0.01075,0.01460,0.08442,0.06921,0.13360,0.00622,0.01230,0.04689,0.08621,0.09503,0.15349,0.01758,-0.02306,-0.03229,-0.00179,-0.02582,-0.01989
V2,0.236-92,2024-11-30 01:45,96613.92,2024,0.00226,-0.00232,-0.01119,0.03418,0.05612,-0.03131,0.00556,0.01063,0.01978,0.03124,0.05649,0.00796,-0.00330,-0.01295,-0.03097,0.00295,-0.00037,-0.03928
V2,0.236-93,2025-02-01 00:00,103245.58,2025,-0.00772,-0.02581,-0.01802,-0.06795,-0.05785,-0.09402,-0.00241,-0.00534,-0.01707,-0.03955,-0.04571,-0.15538,-0.00532,-0.02046,-0.00095,-0.02840,-0.01215,0.06136
V2,0.236-94,2025-04-03 00:00,85671.74,2025,-0.02679,-0.02838,-0.02563,-0.03647,-0.01867,0.12309,0.00102,-0.00116,-0.01214,0.00862,0.03212,0.14315,-0.02781,-0.02722,-0.01349,-0.04509,-0.05079,-0.02006
V2,0.236-95,2025-04-13 08:05,84300.58,2025,-0.00592,0.00441,-0.01327,0.00512,0.10992,0.19870,0.00218,0.00234,0.01783,0.05815,0.12279,0.21763,-0.00811,0.00207,-0.03110,-0.05303,-0.01287,-0.01893
V2,0.236-96,2025-06-10 14:30,108643.91,2025,0.00842,0.01573,-0.04017,-0.03125,-0.02914,0.02120,0.00146,0.00175,0.00340,-0.01141,-0.00420,0.08005,0.00696,0.01398,-0.04357,-0.01984,-0.02495,-0.05885
V2,0.236-97,2025-08-13 02:15,119122.60,2025,0.00490,0.03442,-0.01187,-0.04999,-0.06850,-0.03092,0.00212,-0.00355,-0.00802,-0.02938,-0.06601,-0.04453,0.00278,0.03797,-0.00384,-0.02061,-0.00249,0.01361
V2,0.236-98,2025-12-03 14:00,91965.83,2025,0.01014,0.00606,-0.02522,0.00074,-0.04825,-0.02878,-0.00328,-0.00511,-0.00667,-0.00495,-0.03612,-0.00243,0.01342,0.01116,-0.01855,0.00569,-0.01213,-0.02635
V2,0.236-99,2026-01-08 12:00,90276.75,2026,0.01189,0.00210,0.00523,0.06822,-0.00322,-0.27741,-0.00041,0.00237,0.01012,0.02555,-0.00274,-0.23765,0.01230,-0.00027,-0.00489,0.04267,-0.00048,-0.03976
V2,0.236-100,2026-08-22 05:10,77062.14,2026,-0.00258,-0.01534,0.04432,-,-,-,0.00808,0.02334,0.07787,-,-,-,-0.01066,-0.03868,-0.03355,-,-,-
V2,0.236-101,2026-08-25 09:50,79367.75,2026,-0.00040,-0.01227,-0.00065,-,-,-,0.00424,0.01081,0.02423,-,-,-,-0.00464,-0.02308,-0.02488,-,-,-
V3,0.236-1,2020-01-07 16:00,7883.47,2020,0.02203,0.05027,0.02932,0.08299,0.09424,0.22058,0.00719,0.01295,0.04807,0.09163,0.12603,0.23428,0.01483,0.03732,-0.01876,-0.00864,-0.03179,-0.01370
V3,0.236-2,2020-01-12 04:00,8096.13,2020,0.00304,0.00026,0.07345,0.12346,0.03267,0.18531,0.00421,0.01085,0.02937,0.07066,0.06302,0.20202,-0.00117,-0.01059,0.04408,0.05280,-0.03035,-0.01671
V3,0.236-3,2020-01-17 16:00,8856.15,2020,0.00709,0.00922,-0.01894,-0.04199,0.05680,0.11339,0.01200,0.01693,0.02116,0.00723,0.07118,0.16848,-0.00492,-0.00771,-0.04010,-0.04922,-0.01438,-0.05510
V3,0.236-4,2020-01-28 15:00,8996.09,2020,0.00982,0.03494,0.03197,0.02049,0.09251,-0.01304,0.00563,0.01194,0.02559,0.06035,0.11711,-0.00361,0.00419,0.02300,0.00638,-0.03986,-0.02460,-0.00943
V3,0.236-5,2020-02-19 12:15,10112.57,2020,0.00358,-0.05223,-0.04496,-0.09117,-0.14594,-0.43077,0.00344,0.00834,-0.02257,-0.05915,-0.10643,-0.52319,0.00013,-0.06057,-0.02239,-0.03202,-0.03951,0.09242
V3,0.236-6,2020-03-20 18:25,6275.79,2020,-0.02842,-0.01410,0.00300,0.05556,0.07004,0.12943,0.00969,0.02640,0.07180,0.09558,0.13429,0.18405,-0.03811,-0.04050,-0.06880,-0.04002,-0.06425,-0.05463
V3,0.236-7,2020-03-22 10:35,6170.75,2020,-0.02206,-0.05852,0.07868,-0.01243,0.09248,0.09950,0.00175,-0.00255,0.00859,0.01321,0.10226,0.12366,-0.02381,-0.05597,0.07009,-0.02564,-0.00977,-0.02416
V3,0.236-8,2020-04-07 12:30,7294.65,2020,0.00246,-0.00477,-0.05475,-0.06690,-0.06569,0.24286,0.00321,-0.00347,0.00361,-0.00029,0.03392,0.25945,-0.00075,-0.00130,-0.05836,-0.06661,-0.09961,-0.01658
V3,0.236-9,2020-04-09 03:30,7260.44,2020,0.00801,-0.00600,-0.06242,-0.09289,-0.01841,0.30807,0.00588,-0.00147,-0.01378,-0.02469,0.01637,0.27191,0.00213,-0.00452,-0.04864,-0.06820,-0.03478,0.03616
V3,0.236-10,2020-04-26 15:10,7516.91,2020,0.01475,0.02016,0.09855,0.15862,0.14170,0.15943,0.00774,0.01672,0.05221,0.12890,0.15266,0.15269,0.00701,0.00344,0.04634,0.02972,-0.01096,0.00674
V3,0.236-11,2020-05-10 00:00,9622.30,2020,-0.11228,-0.09410,-0.08739,-0.02869,-0.04907,0.02019,-0.00004,0.00355,0.02321,0.02456,0.00499,0.04680,-0.11224,-0.09765,-0.11060,-0.05325,-0.05405,-0.02662
V3,0.236-12,2020-05-24 00:05,9144.00,2020,0.01439,-0.04473,-0.03144,0.05427,0.05293,0.06026,-0.00154,0.00375,0.01088,0.03766,0.06321,0.02386,0.01594,-0.04848,-0.04232,0.01660,-0.01028,0.03640
V3,0.236-13,2020-06-04 11:30,9472.42,2020,0.03272,0.02628,0.01348,0.03200,-0.00389,-0.04388,0.00034,0.00495,0.00284,-0.00514,-0.02979,-0.05117,0.03238,0.02133,0.01064,0.03713,0.02590,0.00729
V3,0.236-14,2020-08-03 00:00,11038.72,2020,0.01496,0.02050,0.06489,0.05825,0.07682,0.07909,-0.00386,-0.00190,0.01110,0.01581,0.03052,-0.03352,0.01881,0.02240,0.05379,0.04244,0.04631,0.11262
V3,0.236-15,2020-09-02 00:30,11906.39,2020,-0.00813,-0.03981,-0.12134,-0.16016,-0.10711,-0.11584,-0.00183,-0.01751,-0.05712,-0.11143,-0.07538,-0.07050,-0.00630,-0.02230,-0.06422,-0.04873,-0.03173,-0.04535
V3,0.236-16,2020-09-29 04:00,10720.72,2020,0.00030,0.00227,-0.00849,0.00404,0.06813,0.21212,0.00184,0.00721,0.00731,0.02916,0.06018,0.23850,-0.00154,-0.00494,-0.01581,-0.02513,0.00795,-0.02638
V3,0.236-17,2020-10-28 07:10,13636.19,2020,-0.02421,-0.02836,-0.00409,0.01089,0.12131,0.23143,-0.00094,0.00351,0.02084,0.07732,0.16925,0.31068,-0.02327,-0.03188,-0.02493,-0.06643,-0.04794,-0.07925
V3,0.236-18,2020-11-08 00:00,14803.79,2020,0.01559,0.04564,0.03166,0.08162,0.23420,0.25763,0.00787,0.02440,0.04521,0.09629,0.18758,0.22214,0.00772,0.02123,-0.01355,-0.01467,0.04662,0.03549
V3,0.236-19,2020-12-04 10:05,19272.27,2020,-0.01528,-0.00663,-0.00436,-0.08156,0.17943,0.57496,0.00367,-0.00045,-0.01956,-0.01180,0.18118,0.54655,-0.01895,-0.00618,0.01520,-0.06976,-0.00174,0.02842
V3,0.236-20,2020-12-29 04:05,26292.08,2020,0.01995,0.06515,0.10947,0.16962,0.29212,0.17678,0.00591,0.03473,0.09008,0.21052,0.35989,0.21091,0.01404,0.03041,0.01939,-0.04090,-0.06777,-0.03413
V3,0.236-21,2020-12-31 12:55,28461.74,2020,0.01470,0.02759,0.18241,0.28911,0.29746,0.17150,0.00084,0.03054,0.08604,0.22724,0.20741,0.13068,0.01385,-0.00296,0.09636,0.06186,0.09005,0.04082
V3,0.236-22,2021-01-09 05:55,39336.92,2021,0.03257,0.02979,-0.09024,-0.09207,-0.16438,-0.01585,0.01557,0.02625,0.07466,0.01839,-0.04843,0.16185,0.01700,0.00354,-0.16490,-0.11046,-0.11595,-0.17769
V3,0.236-23,2021-01-15 04:15,38418.14,2021,0.00403,-0.05520,-0.08919,-0.20857,-0.14562,0.21084,0.01245,-0.00263,-0.02753,-0.08313,-0.10481,0.28374,-0.00842,-0.05256,-0.06166,-0.12543,-0.04082,-0.07290
V3,0.236-24,2021-01-26 04:00,32391.02,2021,-0.00974,-0.02342,0.04326,0.03571,0.36179,0.43596,-0.00728,-0.00236,0.00169,0.06281,0.23917,0.44207,-0.00247,-0.02107,0.04157,-0.02710,0.12262,-0.00611
V3,0.236-25,2021-02-09 16:10,46420.38,2021,0.00775,-0.03979,0.01933,0.05815,0.04537,0.20237,0.00469,0.02679,0.06370,0.16492,0.14119,0.22321,0.00305,-0.06658,-0.04437,-0.10677,-0.09582,-0.02084
V3,0.236-26,2021-02-11 00:10,44591.54,2021,0.00489,0.08629,0.06610,0.16349,0.10626,0.24038,0.01043,0.03528,0.06323,0.13110,0.13447,0.23164,-0.00554,0.05101,0.00287,0.03239,-0.02821,0.00874
V3,0.236-27,2021-02-13 08:00,46768.76,2021,0.00381,0.04374,0.05469,0.17205,0.01061,0.21734,0.00351,0.00969,0.04838,0.04978,0.02792,0.18300,0.00029,0.03405,0.00631,0.12227,-0.01732,0.03434
V3,0.236-28,2021-02-18 07:25,51464.13,2021,0.00461,0.00640,0.08540,-0.01890,-0.03526,0.12763,-0.00067,-0.01272,-0.01366,-0.07336,-0.06263,0.06824,0.00528,0.01912,0.09906,0.05446,0.02736,0.05938
V3,0.236-29,2021-03-06 12:10,47656.36,2021,0.01244,0.06379,0.12783,0.22988,0.21688,0.19684,0.00093,0.00280,0.05609,0.11773,0.11957,0.13989,0.01151,0.06099,0.07175,0.11215,0.09731,0.05695
V3,0.236-30,2021-03-16 00:00,55695.82,2021,-0.02504,0.02424,0.03596,-0.02888,0.03502,0.12795,0.00576,0.00770,0.00013,0.00092,-0.03227,0.06412,-0.03080,0.01654,0.03583,-0.02980,0.06729,0.06384
V3,0.236-31,2021-03-20 20:20,58411.70,2021,-0.00640,-0.00733,-0.06011,-0.04449,-0.00178,-0.04233,0.00507,-0.00229,-0.02291,-0.02769,0.03263,0.00695,-0.01147,-0.00505,-0.03720,-0.01679,-0.03442,-0.04928
V3,0.236-32,2021-04-20 00:20,55075.20,2021,-0.00460,0.02887,-0.05788,-0.02575,0.03123,-0.38521,-0.01400,-0.02612,-0.06532,-0.08277,-0.02888,-0.30507,0.00940,0.05500,0.00744,0.05703,0.06011,-0.08014
V3,0.236-33,2021-05-01 15:25,57102.63,2021,0.00956,-0.00745,-0.05017,0.02832,-0.14718,-0.43535,0.00373,0.00782,0.02928,0.01816,-0.12312,-0.39563,0.00584,-0.01527,-0.07944,0.01015,-0.02406,-0.03972
V3,0.236-34,2021-05-03 00:00,56565.37,2021,0.02481,0.00765,0.01615,0.02897,-0.19877,-0.43589,0.00152,0.02439,0.02036,-0.01986,-0.23532,-0.42355,0.02330,-0.01674,-0.00422,0.04882,0.03655,-0.01233
V3,0.236-35,2021-05-12 16:15,55112.39,2021,-0.04248,-0.09267,-0.12895,-0.39992,-0.33965,-0.40262,-0.00573,-0.04766,-0.12888,-0.27335,-0.34036,-0.29968,-0.03675,-0.04501,-0.00007,-0.12657,0.00071,-0.10294
V3,0.236-36,2021-05-28 00:05,38079.02,2021,-0.03136,-0.06154,-0.05628,0.02186,-0.03223,-0.17087,-0.00769,-0.00083,-0.00373,-0.02390,-0.00886,-0.10951,-0.02366,-0.06071,-0.05255,0.04575,-0.02337,-0.06136
V3,0.236-37,2021-06-03 00:00,37444.76,2021,0.03188,0.04256,-0.05484,-0.00304,0.02226,-0.10370,-0.00210,0.00799,-0.00046,-0.01531,0.03415,-0.05112,0.03398,0.03457,-0.05438,0.01227,-0.01189,-0.05259
V3,0.236-38,2021-06-17 00:00,38723.30,2021,0.00106,-0.01965,-0.08462,-0.14203,-0.10261,-0.20916,-0.00063,-0.01842,-0.00986,-0.08053,-0.08978,-0.14486,0.00169,-0.00122,-0.07476,-0.06149,-0.01282,-0.06430
V3,0.236-39,2021-07-05 00:00,34956.70,2021,-0.01959,-0.03625,-0.03359,-0.01844,-0.09769,0.08724,-0.00063,-0.00071,-0.00004,-0.02177,-0.07162,0.18291,-0.01896,-0.03554,-0.03355,0.00334,-0.02606,-0.09567
V3,0.236-40,2021-08-02 04:00,39980.33,2021,-0.01042,-0.03539,-0.01331,0.08434,0.17168,0.16233,-0.00252,0.00918,0.04403,0.08845,0.15016,0.21605,-0.00789,-0.04458,-0.05734,-0.00412,0.02151,-0.05372
V3,0.236-41,2021-08-22 00:00,48942.00,2021,0.00506,0.00911,-0.02254,-0.00150,0.02060,-0.13358,-0.00110,0.01251,0.02426,0.01239,0.03179,-0.04471,0.00616,-0.00340,-0.04681,-0.01389,-0.01119,-0.08887
V3,0.236-42,2021-09-03 22:10,49881.51,2021,0.00900,0.00730,0.04739,-0.11369,-0.05134,-0.03866,0.00149,0.00370,0.01488,-0.03987,-0.05211,-0.04197,0.00750,0.00360,0.03251,-0.07382,0.00077,0.00331
V3,0.236-43,2021-09-26 02:10,42067.54,2021,-0.01869,0.04882,-0.01070,0.12545,0.25872,0.40020,-0.00863,-0.00272,0.02178,0.08594,0.24313,0.34892,-0.01006,0.05155,-0.03248,0.03950,0.01559,0.05127
V3,0.236-44,2021-10-07 22:20,53860.62,2021,0.00218,0.00581,0.01869,0.06678,0.15508,0.13089,0.00012,0.02411,0.06030,0.11690,0.18255,0.20876,0.00206,-0.01831,-0.04161,-0.05012,-0.02747,-0.07787
V3,0.236-45,2021-10-09 00:00,54414.55,2021,0.00847,0.00885,0.05123,0.12401,0.10822,0.15307,0.00166,0.00596,0.04587,0.10298,0.12367,0.15834,0.00681,0.00290,0.00535,0.02103,-0.01544,-0.00527
V3,0.236-46,2021-10-18 13:05,59961.55,2021,0.02614,0.03939,0.08249,0.04428,0.03077,0.00610,0.00411,0.00541,0.00319,-0.00313,-0.00532,-0.01705,0.02204,0.03398,0.07930,0.04741,0.03609,0.02314
V3,0.236-47,2021-10-30 05:00,61485.05,2021,0.00851,-0.00075,-0.00192,-0.00311,0.03478,-0.07064,-0.00574,-0.01107,-0.01588,0.02039,0.02529,-0.10271,0.01424,0.01032,0.01395,-0.02349,0.00949,0.03207
V3,0.236-48,2021-11-12 13:20,63300.32,2021,0.00675,0.00550,0.03702,-0.09944,-0.15333,-0.24390,0.00538,-0.00071,-0.03671,-0.07770,-0.13996,-0.28547,0.00137,0.00621,0.07373,-0.02174,-0.01337,0.04157
V3,0.236-49,2022-01-30 00:40,37718.57,2022,0.00998,-0.01557,0.02028,0.09331,0.11851,0.14305,0.00426,0.01590,0.04275,0.08376,0.15438,0.09336,0.00572,-0.03147,-0.02246,0.00955,-0.03587,0.04969
V3,0.236-50,2022-02-12 00:00,42574.75,2022,-0.00873,-0.00961,-0.00015,-0.06333,-0.08296,-0.12009,-0.00610,-0.00675,-0.02966,-0.06172,-0.09464,-0.09332,-0.00263,-0.00287,0.02951,-0.00161,0.01168,-0.02677
V3,0.236-51,2022-03-04 08:00,41522.37,2022,-0.00386,-0.06285,-0.09428,-0.06099,-0.02349,0.11097,0.01023,0.00518,-0.00935,-0.04125,-0.00149,0.12795,-0.01409,-0.06803,-0.08493,-0.01974,-0.02200,-0.01698
V3,0.236-52,2022-04-13 01:15,39627.85,2022,0.01123,0.04060,0.02417,0.04153,-0.03531,-0.29827,-0.00312,-0.01786,-0.01533,-0.01786,-0.04346,-0.30173,0.01434,0.05846,0.03950,0.05939,0.00815,0.00346
V3,0.236-53,2022-05-31 20:05,31601.02,2022,0.00870,-0.05135,-0.06475,-0.00957,-0.35206,-0.51175,-0.00022,0.00475,0.03211,0.00599,-0.18826,-0.38151,0.00892,-0.05610,-0.09686,-0.01556,-0.16380,-0.13024
V3,0.236-54,2022-06-02 13:10,29804.14,2022,0.01039,-0.00771,-0.00265,0.01129,-0.33909,-0.43767,-0.00203,0.00692,0.01734,-0.04366,-0.29405,-0.41281,0.01242,-0.01463,-0.01999,0.05495,-0.04503,-0.02485
V3,0.236-55,2022-07-16 04:00,20820.68,2022,-0.01005,0.02392,0.04316,0.08961,0.13274,0.17470,-0.00027,0.00164,0.03369,0.03983,0.08170,0.09828,-0.00978,0.02228,0.00947,0.04978,0.05104,0.07642
V3,0.236-56,2022-07-21 04:00,23191.00,2022,-0.00656,-0.01205,-0.03684,-0.00073,-0.00437,-0.09261,-0.00803,-0.01590,-0.00774,0.00364,0.02288,-0.03930,0.00147,0.00385,-0.02911,-0.00437,-0.02725,-0.05331
V3,0.236-57,2022-09-15 14:35,19844.47,2022,-0.00398,-0.00675,0.00153,-0.04296,-0.04308,-0.03668,-0.00535,-0.01247,-0.04208,-0.05889,-0.04609,-0.05529,0.00138,0.00572,0.04361,0.01593,0.00301,0.01862
V3,0.236-58,2022-09-28 08:40,18697.24,2022,0.03561,0.03515,0.03336,0.07355,0.02196,0.07602,0.00706,-0.00270,0.01711,0.02118,0.00104,0.04744,0.02854,0.03785,0.01625,0.05237,0.02092,0.02858
V3,0.236-59,2023-01-12 13:30,18034.36,2023,0.04374,0.04490,0.14065,0.14067,0.24627,0.18638,0.00095,0.01434,0.05515,0.13501,0.18022,0.15514,0.04279,0.03056,0.08550,0.00566,0.06605,0.03124
V3,0.236-60,2023-01-24 09:00,22836.71,2023,-0.00135,-0.00874,0.00532,0.00310,0.00298,0.06664,0.00086,0.01208,0.01648,0.02400,-0.00635,0.04253,-0.00221,-0.02083,-0.01116,-0.02091,0.00933,0.02411
V3,0.236-61,2023-02-16 12:10,24472.91,2023,0.01898,-0.02683,0.00893,-0.03066,-0.04492,0.11101,0.00084,0.01695,0.03210,0.02773,-0.01382,0.12456,0.01814,-0.04378,-0.02317,-0.05839,-0.03111,-0.01355
V3,0.236-62,2023-02-19 16:50,24722.05,2023,-0.00940,0.00700,-0.04693,-0.06388,-0.09717,0.13813,0.00490,0.01508,0.01096,-0.01836,-0.07150,0.13536,-0.01430,-0.00807,-0.05789,-0.04552,-0.02567,0.00278
V3,0.236-63,2023-03-15 00:00,24721.62,2023,0.00031,-0.01612,0.10268,0.12769,0.09830,0.20522,0.00992,0.03303,0.07592,0.08991,0.10395,0.16837,-0.00961,-0.04914,0.02675,0.03778,-0.00565,0.03685
V3,0.236-64,2023-03-18 16:30,26686.98,2023,0.01794,0.04193,0.05409,0.03517,0.06222,0.09783,0.00639,0.01522,0.04526,0.05191,0.06406,0.11418,0.01155,0.02671,0.00883,-0.01675,-0.00184,-0.01635
V3,0.236-65,2023-03-20 02:35,27480.65,2023,0.02741,0.01335,-0.00691,0.01366,0.01086,0.09481,0.00198,0.02187,0.03508,0.03457,0.04968,0.08079,0.02543,-0.00852,-0.04199,-0.02091,-0.03882,0.01402
V3,0.236-66,2023-03-30 04:00,28456.02,2023,0.00397,-0.01071,0.00029,-0.01279,0.05456,0.03062,-0.00188,-0.00374,0.00047,0.00883,0.03764,0.01433,0.00585,-0.00697,-0.00018,-0.02162,0.01692,0.01630
V3,0.236-67,2023-04-27 12:35,28665.16,2023,0.03584,0.02199,0.01841,0.01377,-0.04416,-0.07027,0.00017,-0.00180,-0.00414,-0.00329,-0.05801,-0.05508,0.03567,0.02380,0.02254,0.01705,0.01386,-0.01519
V3,0.236-68,2023-06-24 15:30,30355.19,2023,0.00500,0.00610,0.00808,0.00743,-0.00491,-0.04341,0.00036,0.00947,0.02016,0.02013,0.01947,-0.01289,0.00464,-0.00338,-0.01208,-0.01271,-0.02438,-0.03052
V3,0.236-69,2023-10-21 02:35,29464.33,2023,0.00669,0.01262,0.16383,0.14066,0.16336,0.23535,0.00527,0.00750,0.05831,0.11940,0.15046,0.20917,0.00142,0.00512,0.10552,0.02126,0.01290,0.02618
V3,0.236-70,2023-11-17 14:55,35876.92,2023,0.01702,0.01773,0.04253,0.05221,0.06577,0.14912,0.00061,0.00942,0.01284,0.02478,0.06421,0.14192,0.01641,0.00830,0.02968,0.02743,0.00156,0.00720
V3,0.236-71,2023-12-14 13:05,42886.86,2023,-0.00059,-0.00697,-0.02195,0.02642,-0.00202,-0.00391,0.00078,-0.00242,0.00013,0.01462,0.01101,0.03738,-0.00137,-0.00455,-0.02208,0.01180,-0.01303,-0.04129
V3,0.236-72,2024-01-05 01:45,43647.03,2024,0.00216,0.00793,0.00094,0.05750,-0.05590,-0.01462,-0.00022,0.00388,0.02070,0.00635,-0.04547,-0.01770,0.00237,0.00405,-0.01977,0.05115,-0.01043,0.00308
V3,0.236-73,2024-01-11 16:10,46116.41,2024,0.00411,-0.03809,-0.07143,-0.08209,-0.14863,0.02519,-0.00176,0.00935,-0.00571,-0.04688,-0.06731,0.05601,0.00587,-0.04744,-0.06573,-0.03521,-0.08132,-0.03082
V3,0.236-74,2024-03-04 00:45,62413.37,2024,0.02059,0.08599,0.05999,0.08691,0.07815,0.04645,0.00252,0.00757,0.03220,0.07467,0.03677,0.05286,0.01807,0.07842,0.02779,0.01223,0.04138,-0.00641
V3,0.236-75,2024-03-10 14:40,68878.52,2024,0.00687,0.04438,0.05286,-0.02132,-0.04760,0.00489,0.00814,0.01096,0.01387,-0.00269,-0.02013,0.00250,-0.00127,0.03341,0.03900,-0.01862,-0.02747,0.00238
V3,0.236-76,2024-04-08 00:00,69446.25,2024,0.00559,0.03160,0.01479,-0.05973,-0.06728,-0.10768,-0.00383,-0.00820,-0.02515,-0.06361,-0.07239,-0.10942,0.00941,0.03980,0.03994,0.00388,0.00511,0.00174
V3,0.236-77,2024-04-14 00:00,64724.23,2024,-0.00801,0.01069,-0.01586,0.00152,-0.01940,-0.02926,0.00114,0.00167,-0.01651,-0.02641,-0.05523,-0.03783,-0.00915,0.00902,0.00065,0.02793,0.03583,0.00857
V3,0.236-78,2024-05-16 15:00,65340.08,2024,-0.00060,0.01840,0.02273,0.03903,0.04501,0.01357,-0.00138,0.00777,0.03546,0.05472,0.05470,0.02519,0.00077,0.01063,-0.01274,-0.01569,-0.00970,-0.01163
V3,0.236-79,2024-08-29 00:00,58984.94,2024,0.00869,0.00474,-0.00057,-0.01694,-0.02822,0.10923,-0.00215,-0.00893,-0.02675,-0.06458,-0.05115,0.06548,0.01084,0.01366,0.02618,0.04764,0.02293,0.04375
V3,0.236-80,2024-10-15 08:00,65735.54,2024,0.02911,0.01825,0.03390,0.02318,0.07704,0.32724,0.00364,0.01648,0.03354,0.04574,0.07022,0.28928,0.02547,0.00177,0.00036,-0.02256,0.00682,0.03797
V3,0.236-81,2024-11-07 04:05,74897.90,2024,-0.00075,0.01286,0.03115,0.18270,0.25418,0.28417,0.00544,0.01613,0.06724,0.14487,0.24179,0.28062,-0.00619,-0.00327,-0.03609,0.03783,0.01239,0.00356
V3,0.236-82,2024-11-12 10:05,87315.76,2024,-0.01293,-0.00045,0.01987,0.04893,0.06788,0.14048,0.00856,0.03348,0.05903,0.10113,0.14318,0.18117,-0.02149,-0.03393,-0.03916,-0.05220,-0.07529,-0.04069
V3,0.236-83,2024-11-14 07:00,89203.15,2024,0.02345,-0.01106,0.01454,0.08395,0.06914,0.13237,0.01112,0.01620,0.04025,0.08545,0.09273,0.15677,0.01233,-0.02726,-0.02571,-0.00151,-0.02359,-0.02440
V3,0.236-84,2024-11-30 01:20,96692.79,2024,0.00181,-0.00208,-0.01025,0.03558,0.05819,-0.03150,0.00026,-0.00612,0.01333,0.01871,0.05686,-0.00257,0.00155,0.00404,-0.02359,0.01687,0.00132,-0.02893
V3,0.236-85,2025-02-01 00:00,103219.87,2025,-0.00797,-0.02585,-0.01823,-0.06826,-0.05804,-0.09444,0.00518,0.00161,-0.01847,-0.03933,-0.05052,-0.16749,-0.01315,-0.02746,0.00025,-0.02893,-0.00752,0.07305
V3,0.236-86,2025-04-03 00:00,85642.17,2025,-0.02685,-0.02851,-0.02581,-0.03641,-0.01868,0.12288,-0.00006,-0.00196,-0.01791,-0.00699,0.02774,0.14261,-0.02678,-0.02656,-0.00790,-0.02943,-0.04643,-0.01974
V3,0.236-87,2025-04-13 08:10,84263.21,2025,-0.00622,0.00276,-0.01349,0.00553,0.11062,0.19949,-0.00187,0.00518,0.01393,0.03960,0.12201,0.21308,-0.00436,-0.00243,-0.02742,-0.03408,-0.01140,-0.01359
V3,0.236-88,2025-06-10 14:30,108617.57,2025,0.00827,0.01553,-0.04037,-0.03151,-0.02935,0.02102,-0.00003,0.00614,-0.00215,-0.01749,-0.01163,0.06343,0.00830,0.00939,-0.03822,-0.01401,-0.01772,-0.04241
V3,0.236-89,2025-08-13 02:15,119071.25,2025,0.00498,0.03512,-0.01185,-0.05003,-0.06855,-0.03093,0.00007,0.00200,-0.00565,-0.02606,-0.06355,-0.03785,0.00491,0.03311,-0.00620,-0.02397,-0.00500,0.00692
V3,0.236-90,2025-12-03 14:00,91932.56,2025,0.01002,0.00602,-0.02545,0.00057,-0.04847,-0.02871,0.00325,-0.00007,0.00357,0.00480,-0.02179,0.00240,0.00677,0.00609,-0.02903,-0.00423,-0.02668,-0.03110
V3,0.236-91,2026-01-08 12:00,90228.38,2026,0.01187,0.00207,0.00528,0.06834,-0.00300,-0.27746,0.00263,0.00543,0.01391,0.03289,-0.00790,-0.25551,0.00923,-0.00337,-0.00864,0.03545,0.00489,-0.02194
V3,0.236-92,2026-08-22 05:10,77060.27,2026,-0.00258,-0.01522,0.04390,-,-,-,0.00949,0.02586,0.08484,-,-,-,-0.01207,-0.04109,-0.04094,-,-,-
V3,0.236-93,2026-08-25 07:50,79322.33,2026,-0.01253,-0.00501,0.00346,-,-,-,0.00310,0.01372,0.02147,-,-,-,-0.01563,-0.01873,-0.01801,-,-,-
