version,signal_id,entry_time,entry,stop0,P0,R_window_start,R_window_end,window_end_reason,exit_time,exit_reason,r_net,ret_risk1pct,hold_h
V2,L-2019-04-13 19:59-1,2019-04-13 20:10,5036.69,4988.99,4927.00,2019-04-13 20:00,2019-04-14 00:00,DISARM,2019-04-15 17:39,stop,-0.011272,-0.01190,45.5
V2,L-2019-05-14 15:59-2,2019-05-14 16:00,8034.01,7876.30,6372.85,2019-05-14 16:00,2019-05-14 16:05,R_invalid,2019-05-14 16:04,stop,-0.020830,-0.01061,0.1
V2,L-2019-05-17 07:59-3,2019-05-17 08:05,7239.95,6979.00,6870.00,2019-05-17 08:00,2019-05-17 12:25,R_invalid,2019-05-17 12:24,stop,-0.037244,-0.01033,4.3
V2,L-2019-05-29 19:59-4,2019-05-30 00:05,8605.54,8501.65,7833.42,2019-05-29 20:00,2019-05-30 08:00,R_replaced,2019-05-30 20:19,stop,0.014994,0.01242,20.2
V2,L-2019-06-25 15:59-5,2019-06-25 17:40,11272.18,11124.44,9921.72,2019-06-25 16:00,2019-06-26 00:00,R_replaced,2019-06-26 05:14,tp,0.085080,0.06491,11.6
V2,L-2019-06-29 07:59-6,2019-06-29 08:30,11757.37,11465.50,10525.10,2019-06-29 08:00,2019-06-29 16:00,R_replaced,2019-06-30 13:49,stop,-0.015341,-0.00618,29.3
V2,L-2019-07-11 03:59-7,2019-07-11 04:00,11755.98,11534.29,11220.00,2019-07-11 04:00,2019-07-11 04:20,R_invalid,2019-07-11 04:19,stop,-0.020057,-0.01064,0.3
V2,L-2019-07-21 03:59-8,2019-07-21 04:00,10716.00,10533.31,9252.00,2019-07-21 04:00,2019-07-21 04:05,R_invalid,2019-07-21 04:04,stop,-0.018248,-0.01070,0.1
V2,L-2019-08-08 07:59-9,2019-08-08 13:55,11745.95,11581.15,10927.80,2019-08-08 08:00,2019-08-08 17:30,R_invalid,2019-08-08 17:29,stop,-0.015330,-0.01093,3.6
V2,L-2019-11-29 23:59-10,2019-11-30 14:25,7538.68,7390.76,6840.00,2019-11-30 00:00,2019-11-30 16:00,R_replaced,2019-12-01 01:24,stop,-0.021021,-0.01071,11.0
V2,L-2020-01-07 11:59-11,2020-01-07 13:05,7830.49,7735.02,6871.04,2020-01-07 12:00,2020-01-07 15:55,R_invalid,2020-01-07 16:04,stop,-0.008620,-0.00707,3.0
V2,L-2020-01-12 03:59-12,2020-01-12 04:00,8094.20,7979.15,7672.00,2020-01-12 04:00,2020-01-12 12:00,R_replaced,2020-02-19 21:50,v,0.157171,0.11058,929.8
V2,L-2020-03-20 11:59-13,2020-03-20 18:25,6273.60,6037.38,4921.45,2020-03-20 12:00,2020-03-20 20:00,R_replaced,2020-03-20 20:09,stop,-0.038853,-0.01032,1.7
V2,L-2020-03-21 15:59-14,2020-03-22 12:15,5975.83,5842.44,5252.53,2020-03-21 16:00,2020-03-22 20:05,R_invalid,2020-03-22 20:04,stop,-0.023621,-0.01058,7.8
V2,L-2020-04-07 11:59-15,2020-04-07 12:30,7298.39,7204.39,6551.00,2020-04-07 12:00,2020-04-07 20:00,R_replaced,2020-04-07 20:04,stop,-0.007470,-0.00580,7.6
V2,L-2020-04-08 23:59-16,2020-04-09 03:30,7266.57,7178.40,6765.00,2020-04-09 00:00,2020-04-09 12:00,R_invalid,2020-04-09 11:59,stop,-0.013434,-0.01107,8.5
V2,L-2020-04-26 07:59-17,2020-04-26 15:05,7524.17,7454.11,7020.00,2020-04-26 08:00,2020-04-26 20:00,R_replaced,2020-05-10 00:20,v,0.082605,0.08872,321.2
V2,L-2020-05-23 23:59-18,2020-05-24 00:05,9139.26,9042.79,8815.00,2020-05-24 00:00,2020-05-24 13:50,R_invalid,2020-05-24 13:54,stop,-0.011855,-0.01123,13.8
V2,L-2020-06-03 15:59-19,2020-06-04 11:30,9459.87,9337.11,9266.00,2020-06-03 16:00,2020-06-04 16:00,R_replaced,2020-06-11 16:54,stop,-0.001221,-0.00094,173.4
V2,L-2020-08-02 23:59-20,2020-08-03 00:00,11047.21,10898.21,9917.21,2020-08-03 00:00,2020-08-03 16:00,R_replaced,2020-08-26 00:00,dexit,0.043183,0.03202,552.0
V2,L-2020-09-01 19:59-21,2020-09-02 00:35,11892.68,11761.87,11117.64,2020-09-01 20:00,2020-09-02 04:00,R_replaced,2020-09-02 06:39,stop,-0.012199,-0.01109,6.1
V2,L-2020-09-29 03:59-22,2020-09-29 04:00,10720.04,10594.12,10136.82,2020-09-29 04:00,2020-09-29 12:00,R_replaced,2020-10-01 16:19,stop,-0.013746,-0.01170,60.3
V2,L-2020-10-28 03:59-23,2020-10-28 07:10,13625.59,13459.50,11886.95,2020-10-28 04:00,2020-10-28 11:10,R_invalid,2020-10-28 11:09,stop,-0.013490,-0.01107,4.0
V2,L-2020-11-07 23:59-24,2020-11-08 00:00,14804.88,14516.32,14093.56,2020-11-08 00:00,2020-11-08 08:00,R_replaced,2020-12-12 00:00,dexit,0.157466,0.08079,816.0
V2,L-2020-12-28 07:59-25,2020-12-29 05:10,26169.16,25622.90,24500.00,2020-12-28 08:00,2020-12-29 12:00,R_replaced,2021-01-02 16:34,tp,0.171692,0.08225,107.4
V2,L-2021-01-03 15:59-26,2021-01-03 16:45,33072.94,32352.65,25880.00,2021-01-03 16:00,2021-01-03 18:40,R_invalid,2021-01-03 18:39,stop,-0.022979,-0.01055,1.9
V2,L-2021-01-09 03:59-27,2021-01-09 05:55,39318.10,38536.04,33288.00,2021-01-09 04:00,2021-01-09 12:00,R_replaced,2021-01-10 12:09,stop,-0.010145,-0.00510,30.2
V2,L-2021-01-14 23:59-28,2021-01-15 04:15,38362.89,37593.88,32380.00,2021-01-15 00:00,2021-01-15 06:05,R_invalid,2021-01-15 06:09,stop,-0.021246,-0.01060,1.9
V2,L-2021-01-26 03:59-29,2021-01-26 04:00,32375.92,31814.27,30900.00,2021-01-26 04:00,2021-01-26 04:05,R_invalid,2021-01-26 04:04,stop,-0.018548,-0.01069,0.1
V2,L-2021-02-09 15:59-30,2021-02-09 16:15,46258.00,45424.29,37351.00,2021-02-09 16:00,2021-02-10 00:00,R_replaced,2021-02-10 12:34,stop,-0.019423,-0.01078,20.3
V2,L-2021-02-10 19:59-31,2021-02-11 00:10,44536.67,43595.82,37988.89,2021-02-10 20:00,2021-02-11 12:00,R_replaced,2021-02-23 04:40,v,0.112065,0.05305,292.5
V2,L-2021-03-05 23:59-32,2021-03-06 12:10,47632.56,46744.35,47500.00,2021-03-06 00:00,2021-03-06 13:00,V,2021-03-06 13:00,v,-0.000108,-0.00006,0.8
V2,L-2021-03-15 23:59-33,2021-03-16 00:00,55662.53,54884.85,56078.23,2021-03-16 00:00,2021-03-16 00:05,V,2021-03-16 00:05,v,0.001943,0.00139,0.1
V2,L-2021-03-20 11:59-34,2021-03-20 20:20,58343.68,57646.71,54123.69,2021-03-20 12:00,2021-03-21 00:05,R_invalid,2021-03-21 02:34,stop,-0.013246,-0.01109,6.2
V2,L-2021-04-19 19:59-35,2021-04-20 00:20,55075.58,54058.92,50931.30,2021-04-19 20:00,2021-04-20 06:45,R_invalid,2021-04-20 06:44,stop,-0.019659,-0.01065,6.4
V2,L-2021-05-01 07:59-36,2021-05-01 15:25,57036.60,56205.09,48753.44,2021-05-01 08:00,2021-05-02 00:00,DISARM,2021-05-02 04:04,stop,-0.015979,-0.01096,12.7
V2,L-2021-05-03 11:59-37,2021-05-03 13:50,57276.03,56355.43,53013.01,2021-05-03 12:00,2021-05-03 20:00,R_replaced,2021-05-04 00:34,stop,-0.017473,-0.01087,10.7
V2,L-2021-05-11 11:59-38,2021-05-12 16:15,54963.92,54206.89,53400.00,2021-05-11 12:00,2021-05-12 18:20,R_invalid,2021-05-12 18:19,stop,-0.014973,-0.01087,2.1
V2,L-2021-05-27 15:59-39,2021-05-28 00:05,38075.35,37093.15,36419.62,2021-05-27 16:00,2021-05-28 05:45,R_invalid,2021-05-28 05:44,stop,-0.026996,-0.01047,5.7
V2,L-2021-06-02 23:59-40,2021-06-03 00:10,37439.96,36947.43,34153.84,2021-06-03 00:00,2021-06-03 08:00,R_replaced,2021-06-04 05:14,stop,-0.014655,-0.01114,29.1
V2,L-2021-06-16 23:59-41,2021-06-17 00:00,38755.99,38186.77,34600.36,2021-06-17 00:00,2021-06-17 00:05,R_invalid,2021-06-17 17:19,stop,-0.016087,-0.01095,17.3
V2,L-2021-07-04 15:59-42,2021-07-05 00:00,34977.55,34517.55,32699.00,2021-07-04 16:00,2021-07-05 01:30,R_invalid,2021-07-05 01:34,stop,-0.014351,-0.01091,1.6
V2,L-2021-08-02 03:59-43,2021-08-02 04:00,40032.15,39303.74,38313.23,2021-08-02 04:00,2021-08-02 08:40,R_invalid,2021-08-02 12:14,stop,-0.019496,-0.01071,8.2
V2,L-2021-08-21 23:59-44,2021-08-22 00:00,48892.53,48288.77,43927.70,2021-08-22 00:00,2021-08-22 12:00,R_replaced,2021-08-22 14:54,stop,-0.007715,-0.00625,14.9
V2,L-2021-09-03 19:59-45,2021-09-03 22:10,49816.26,49107.80,46250.00,2021-09-03 20:00,2021-09-04 04:00,R_replaced,2021-09-07 14:49,stop,0.021659,0.01523,88.7
V2,L-2021-09-25 15:59-46,2021-09-26 02:10,42083.81,41521.34,40675.00,2021-09-25 16:00,2021-09-26 07:40,R_invalid,2021-09-26 07:39,stop,-0.014565,-0.01090,5.5
V2,L-2021-10-07 19:59-47,2021-10-07 22:20,53834.97,53196.93,43283.03,2021-10-07 20:00,2021-10-08 00:00,DISARM,2021-10-28 00:00,dexit,0.061486,0.05188,481.7
V2,L-2021-10-29 23:59-48,2021-10-30 05:00,61421.50,60517.52,57820.00,2021-10-30 00:00,2021-10-30 14:25,R_invalid,2021-10-31 10:04,stop,-0.016318,-0.01109,29.1
V2,L-2021-11-11 07:59-49,2021-11-12 09:55,63624.93,62634.43,62822.90,2021-11-11 08:00,2021-11-12 16:10,R_invalid,2021-11-12 16:10,v,-0.007411,-0.00476,6.2
V2,L-2022-01-29 23:59-50,2022-01-30 14:20,37724.02,37156.63,35507.01,2022-01-30 00:00,2022-01-31 00:00,R_replaced,2022-01-31 00:44,stop,-0.016440,-0.01093,10.4
V2,L-2022-02-11 23:59-51,2022-02-12 00:00,42582.62,41923.85,37026.73,2022-02-12 00:00,2022-02-12 06:40,R_invalid,2022-02-12 06:44,stop,-0.016670,-0.01078,6.7
V2,L-2022-03-04 07:59-52,2022-03-04 08:00,41538.10,40946.70,37000.00,2022-03-04 08:00,2022-03-04 08:35,R_invalid,2022-03-04 08:34,stop,-0.010279,-0.00722,0.6
V2,L-2022-04-12 23:59-53,2022-04-13 01:15,39643.20,39143.61,39200.00,2022-04-13 00:00,2022-04-13 08:00,R_replaced,2022-04-18 04:19,stop,-0.015302,-0.01214,123.1
V2,L-2022-07-16 03:59-54,2022-07-16 04:00,20831.95,20574.79,18910.94,2022-07-16 04:00,2022-07-16 05:45,R_invalid,2022-07-16 05:59,stop,-0.013544,-0.01097,2.0
V2,L-2022-07-21 03:59-55,2022-07-21 04:00,23186.39,22837.47,20762.45,2022-07-21 04:00,2022-07-21 04:05,R_invalid,2022-07-21 04:04,stop,-0.016248,-0.01080,0.1
V2,L-2022-09-15 03:59-56,2022-09-15 14:35,19860.10,19558.77,19291.75,2022-09-15 04:00,2022-09-15 15:15,R_invalid,2022-09-15 15:19,stop,-0.016373,-0.01079,0.7
V2,L-2022-09-27 23:59-57,2022-09-28 00:00,19142.18,18759.87,18356.39,2022-09-28 00:00,2022-09-28 02:20,R_invalid,2022-09-28 02:19,stop,-0.021172,-0.01060,2.3
V2,L-2023-01-12 11:59-58,2023-01-12 13:30,18040.07,17853.53,16256.30,2023-01-12 12:00,2023-01-12 13:35,R_invalid,2023-02-11 00:00,dexit,0.189131,0.18290,706.5
V2,L-2023-02-16 11:59-59,2023-02-16 12:10,24464.51,24205.74,21351.07,2023-02-16 12:00,2023-02-16 20:00,R_replaced,2023-02-16 22:34,stop,-0.006718,-0.00635,10.4
V2,L-2023-02-19 07:59-60,2023-02-19 08:00,24609.10,24356.71,22047.28,2023-02-19 08:00,2023-02-19 17:10,R_invalid,2023-02-19 17:59,stop,-0.007959,-0.00776,10.0
V2,L-2023-03-14 23:59-61,2023-03-15 00:00,24708.67,24139.85,20270.60,2023-03-15 00:00,2023-03-15 08:00,R_replaced,2023-03-15 16:14,stop,-0.024421,-0.01061,16.2
V2,L-2023-03-18 03:59-62,2023-03-18 16:30,26696.16,26185.21,23896.95,2023-03-18 04:00,2023-03-19 00:00,R_replaced,2023-04-21 00:00,dexit,0.047267,0.02470,799.5
V2,L-2023-04-27 11:59-63,2023-04-27 12:35,28677.04,28293.72,26942.82,2023-04-27 12:00,2023-04-28 00:00,R_replaced,2023-05-01 05:44,stop,-0.015667,-0.01172,89.2
V2,L-2023-06-23 23:59-64,2023-06-24 15:30,30360.81,29821.34,28257.99,2023-06-24 00:00,2023-06-24 20:00,R_replaced,2023-06-30 13:49,stop,-0.020769,-0.01169,142.3
V2,L-2023-10-20 19:59-65,2023-10-21 02:35,29476.93,29140.07,27112.66,2023-10-20 20:00,2023-10-21 04:00,R_replaced,2024-01-12 22:05,v,0.417259,0.36512,2011.5
V2,L-2024-03-03 23:59-66,2024-03-04 00:45,62340.50,61635.63,56691.85,2024-03-04 00:00,2024-03-04 08:00,R_replaced,2024-03-05 19:39,stop,0.026597,0.02352,42.9
V2,L-2024-03-10 11:59-67,2024-03-10 14:40,68804.07,67995.40,62779.14,2024-03-10 12:00,2024-03-10 20:00,R_replaced,2024-03-11 00:54,stop,-0.013153,-0.01119,10.2
V2,L-2024-04-07 23:59-68,2024-04-08 00:00,69405.82,68643.22,64493.07,2024-04-08 00:00,2024-04-08 08:00,R_replaced,2024-04-09 14:49,stop,0.000788,0.00072,38.8
V2,L-2024-04-13 23:59-69,2024-04-14 00:00,64888.76,63558.76,65086.86,2024-04-14 00:00,2024-04-14 00:05,R_invalid,2024-04-14 00:05,v,-0.011480,-0.00560,0.1
V2,L-2024-05-16 03:59-70,2024-05-16 15:00,65374.79,64525.84,60187.12,2024-05-16 04:00,2024-05-16 16:00,R_replaced,2024-05-20 19:04,tp,0.028918,0.02227,100.1
V2,L-2024-08-28 19:59-71,2024-08-29 00:00,59024.81,58267.74,58034.01,2024-08-28 20:00,2024-08-29 04:00,R_replaced,2024-08-30 15:04,stop,-0.014426,-0.01125,39.1
V2,L-2024-10-15 03:59-72,2024-10-15 04:00,65901.79,65262.62,58946.00,2024-10-15 04:00,2024-10-15 04:05,R_invalid,2024-10-15 05:34,stop,-0.010899,-0.01124,1.6
V2,L-2024-11-07 03:59-73,2024-11-07 04:05,74905.04,73927.55,66835.00,2024-11-07 04:00,2024-11-07 16:00,R_replaced,2024-12-05 22:30,v,0.135031,0.10347,690.4
V2,L-2025-01-31 23:59-74,2025-02-01 00:00,103245.58,101815.63,97777.77,2025-02-01 00:00,2025-02-01 04:10,R_invalid,2025-02-01 09:04,stop,-0.015150,-0.01094,9.1
V2,L-2025-04-02 23:59-75,2025-04-03 00:00,85671.74,84209.30,81278.52,2025-04-03 00:00,2025-04-03 00:05,R_invalid,2025-04-03 00:04,stop,-0.018270,-0.01070,0.1
V2,L-2025-04-12 23:59-76,2025-04-13 08:05,84300.58,83224.52,74620.00,2025-04-13 00:00,2025-04-13 19:45,R_invalid,2025-04-13 19:44,stop,-0.014065,-0.01102,11.7
V2,L-2025-06-10 03:59-77,2025-06-10 14:30,108643.91,107313.00,100372.26,2025-06-10 04:00,2025-06-10 20:00,R_replaced,2025-06-12 10:19,stop,-0.009273,-0.00757,43.8
V2,L-2025-08-12 23:59-78,2025-08-13 02:15,119122.60,117930.15,111920.00,2025-08-13 00:00,2025-08-13 12:00,R_replaced,2025-08-13 22:44,tp,0.020377,0.02036,20.5
V2,L-2025-12-03 11:59-79,2025-12-03 14:00,91965.83,90717.26,83822.76,2025-12-03 12:00,2025-12-03 20:00,R_replaced,2025-12-05 13:29,stop,-0.015376,-0.01133,47.5
V2,L-2026-01-08 11:59-80,2026-01-08 12:00,90276.75,89372.91,84450.01,2026-01-08 12:00,2026-01-08 14:30,R_invalid,2026-01-08 14:49,stop,-0.011212,-0.01120,2.8
V2,L-2026-08-21 23:59-81,2026-08-22 05:10,77062.14,76007.05,64166.00,2026-08-22 00:00,2026-08-22 08:00,R_replaced,2026-08-23 05:14,stop,-0.015191,-0.01110,24.1
V2,L-2026-08-25 03:59-82,2026-08-25 09:50,79367.75,78233.20,73027.02,2026-08-25 04:00,2026-08-25 12:00,R_replaced,2026-08-25 13:54,stop,-0.015495,-0.01084,4.1
V3,L-2020-01-07 15:59-1,2020-01-07 16:00,7883.47,7802.70,6871.04,2020-01-07 16:00,2020-01-07 16:05,R_invalid,2020-01-07 16:04,stop,-0.011445,-0.01117,0.1
V3,L-2020-01-12 03:59-2,2020-01-12 04:00,8096.13,7979.86,7672.00,2020-01-12 04:00,2020-01-12 12:00,R_replaced,2020-02-19 21:50,v,0.070819,0.04931,929.8
V3,L-2020-03-20 11:59-3,2020-03-20 18:25,6275.79,6036.84,4921.45,2020-03-20 12:00,2020-03-20 20:00,R_replaced,2020-03-20 20:09,stop,-0.039275,-0.01032,1.7
V3,L-2020-03-22 07:59-4,2020-03-22 10:35,6170.75,6054.80,5252.53,2020-03-22 08:00,2020-03-22 12:05,R_invalid,2020-03-22 12:04,stop,-0.019990,-0.01064,1.5
V3,L-2020-04-07 11:59-5,2020-04-07 12:30,7294.65,7199.84,6551.00,2020-04-07 12:00,2020-04-07 20:00,R_replaced,2020-04-07 20:04,stop,-0.014209,-0.01093,7.6
V3,L-2020-04-08 23:59-6,2020-04-09 03:30,7260.44,7170.42,6765.00,2020-04-09 00:00,2020-04-09 12:00,R_invalid,2020-04-09 11:59,stop,-0.013499,-0.01089,8.5
V3,L-2020-04-26 03:59-7,2020-04-26 15:10,7516.91,7445.90,7020.00,2020-04-26 04:00,2020-04-26 20:00,R_replaced,2020-05-10 00:20,v,0.050244,0.05318,321.2
V3,L-2020-05-23 23:59-8,2020-05-24 00:05,9144.00,9049.67,8815.00,2020-05-24 00:00,2020-05-24 08:00,R_replaced,2020-05-24 13:54,stop,-0.011595,-0.01124,13.8
V3,L-2020-06-03 15:59-9,2020-06-04 11:30,9472.42,9354.18,9266.00,2020-06-03 16:00,2020-06-04 16:00,R_replaced,2020-06-07 12:29,stop,0.012232,0.00980,73.0
V3,L-2020-08-02 23:59-10,2020-08-03 00:00,11038.72,10882.67,9917.21,2020-08-03 00:00,2020-08-03 16:00,R_replaced,2020-08-04 13:19,stop,0.013350,0.00944,37.3
V3,L-2020-09-01 19:59-11,2020-09-02 00:30,11906.39,11776.56,11117.64,2020-09-01 20:00,2020-09-02 04:00,R_replaced,2020-09-02 06:39,stop,-0.012104,-0.01110,6.2
V3,L-2020-09-29 03:59-12,2020-09-29 04:00,10720.72,10595.31,10136.82,2020-09-29 04:00,2020-09-29 12:00,R_replaced,2020-10-01 16:19,stop,-0.013673,-0.01169,60.3
V3,L-2020-10-28 03:59-13,2020-10-28 07:10,13636.19,13472.20,11886.95,2020-10-28 04:00,2020-10-28 11:10,R_invalid,2020-10-28 11:09,stop,-0.013326,-0.01108,4.0
V3,L-2020-11-07 23:59-14,2020-11-08 00:00,14803.79,14511.33,14093.56,2020-11-08 00:00,2020-11-08 08:00,R_replaced,2020-11-09 16:14,stop,0.020579,0.01042,40.2
V3,L-2020-12-04 07:59-15,2020-12-04 10:05,19272.27,19057.65,18001.12,2020-12-04 08:00,2020-12-04 10:15,R_invalid,2020-12-04 10:14,stop,-0.012336,-0.01108,0.2
V3,L-2020-12-28 07:59-16,2020-12-29 04:05,26292.08,25772.45,24500.00,2020-12-28 08:00,2020-12-29 12:00,R_replaced,2021-01-02 16:34,tp,0.100097,0.05065,108.5
V3,L-2021-01-03 15:59-17,2021-01-03 16:45,33107.20,32374.58,25880.00,2021-01-03 16:00,2021-01-03 18:40,R_invalid,2021-01-04 07:24,stop,-0.024970,-0.01128,14.7
V3,L-2021-01-09 03:59-18,2021-01-09 05:55,39336.92,38539.04,33288.00,2021-01-09 04:00,2021-01-09 12:00,R_replaced,2021-01-10 11:24,stop,0.021102,0.01040,29.5
V3,L-2021-01-14 23:59-19,2021-01-15 04:15,38418.14,37646.72,32380.00,2021-01-15 00:00,2021-01-15 06:05,R_invalid,2021-01-15 06:09,stop,-0.021280,-0.01060,1.9
V3,L-2021-01-26 03:59-20,2021-01-26 04:00,32391.02,31825.71,30900.00,2021-01-26 04:00,2021-01-26 04:05,R_invalid,2021-01-26 04:04,stop,-0.018653,-0.01069,0.1
V3,L-2021-02-09 15:59-21,2021-02-09 16:10,46420.38,45562.90,37351.00,2021-02-09 16:00,2021-02-10 00:00,R_replaced,2021-02-10 12:34,stop,-0.022669,-0.01227,20.4
V3,L-2021-02-10 19:59-22,2021-02-11 00:10,44591.54,43638.69,37988.89,2021-02-10 20:00,2021-02-11 04:00,R_replaced,2021-02-23 04:40,v,0.062691,0.02934,292.5
V3,L-2021-03-05 23:59-23,2021-03-06 12:10,47656.36,46768.82,47500.00,2021-03-06 00:00,2021-03-06 13:00,V,2021-03-06 13:00,v,0.000148,0.00008,0.8
V3,L-2021-03-15 23:59-24,2021-03-16 00:00,55695.82,54912.77,56078.23,2021-03-16 00:00,2021-03-16 00:05,V,2021-03-16 00:05,v,0.002252,0.00160,0.1
V3,L-2021-03-20 11:59-25,2021-03-20 20:20,58411.70,57707.36,54123.69,2021-03-20 12:00,2021-03-21 00:05,R_invalid,2021-03-21 02:34,stop,-0.013572,-0.01126,6.2
V3,L-2021-04-19 19:59-26,2021-04-20 00:20,55075.20,54037.40,50931.30,2021-04-19 20:00,2021-04-20 02:25,R_invalid,2021-04-20 02:24,stop,-0.020043,-0.01064,2.1
V3,L-2021-05-01 07:59-27,2021-05-01 15:25,57102.63,56281.73,48753.44,2021-05-01 08:00,2021-05-02 00:00,DISARM,2021-05-02 04:04,stop,-0.016059,-0.01117,12.7
V3,L-2021-05-02 15:59-28,2021-05-03 00:00,56565.37,55931.70,53013.01,2021-05-02 16:00,2021-05-03 04:00,R_replaced,2021-05-03 20:39,stop,0.010885,0.00972,20.7
V3,L-2021-05-11 11:59-29,2021-05-12 16:15,55112.39,54377.71,53400.00,2021-05-11 12:00,2021-05-12 16:50,R_invalid,2021-05-12 18:19,stop,-0.014531,-0.01090,2.1
V3,L-2021-05-27 15:59-30,2021-05-28 00:05,38079.02,37089.40,36419.62,2021-05-27 16:00,2021-05-28 05:45,R_invalid,2021-05-28 05:44,stop,-0.027189,-0.01046,5.7
V3,L-2021-06-02 23:59-31,2021-06-03 00:00,37444.76,36954.80,34153.84,2021-06-03 00:00,2021-06-03 08:00,R_replaced,2021-06-04 02:14,stop,0.013135,0.01004,26.2
V3,L-2021-06-16 23:59-32,2021-06-17 00:00,38723.30,38155.19,34600.36,2021-06-17 00:00,2021-06-17 00:05,R_invalid,2021-06-17 17:19,stop,-0.016071,-0.01095,17.3
V3,L-2021-07-04 15:59-33,2021-07-05 00:00,34956.70,34498.79,32699.00,2021-07-04 16:00,2021-07-05 01:30,R_invalid,2021-07-05 01:44,stop,-0.014299,-0.01092,1.7
V3,L-2021-08-02 03:59-34,2021-08-02 04:00,39980.33,39232.35,38313.23,2021-08-02 04:00,2021-08-02 09:10,R_invalid,2021-08-02 12:14,stop,-0.020009,-0.01069,8.2
V3,L-2021-08-21 23:59-35,2021-08-22 00:00,48942.00,48329.73,43927.70,2021-08-22 00:00,2021-08-22 12:00,R_replaced,2021-08-22 14:54,stop,-0.013810,-0.01104,14.9
V3,L-2021-09-03 19:59-36,2021-09-03 22:10,49881.51,49158.52,46250.00,2021-09-03 20:00,2021-09-04 04:00,R_replaced,2021-09-07 14:29,stop,0.025852,0.01784,88.3
V3,L-2021-09-25 15:59-37,2021-09-26 02:10,42067.54,41505.37,40675.00,2021-09-25 16:00,2021-09-26 07:40,R_invalid,2021-09-26 07:39,stop,-0.014564,-0.01090,5.5
V3,L-2021-10-07 19:59-38,2021-10-07 22:20,53860.62,53214.22,43283.03,2021-10-07 20:00,2021-10-08 00:00,DISARM,2021-10-08 20:54,stop,0.012837,0.01070,22.6
V3,L-2021-10-08 15:59-39,2021-10-09 00:00,54414.55,53486.36,50382.41,2021-10-08 16:00,2021-10-09 08:00,R_replaced,2021-10-10 21:19,stop,0.016592,0.00973,45.3
V3,L-2021-10-18 07:59-40,2021-10-18 13:05,59961.55,58673.45,56850.00,2021-10-18 08:00,2021-10-18 16:00,R_replaced,2021-10-22 16:19,stop,0.053407,0.02486,99.2
V3,L-2021-10-29 23:59-41,2021-10-30 05:00,61485.05,60572.58,57820.00,2021-10-30 00:00,2021-10-30 14:25,R_invalid,2021-10-31 08:49,stop,-0.017337,-0.01168,27.8
V3,L-2021-11-11 07:59-42,2021-11-12 13:20,63300.32,62213.31,62822.90,2021-11-11 08:00,2021-11-12 16:10,V,2021-11-12 16:10,v,-0.001486,-0.00087,2.8
V3,L-2022-01-29 23:59-43,2022-01-30 00:40,37718.57,37140.24,35507.01,2022-01-30 00:00,2022-01-30 12:00,R_replaced,2022-01-31 00:44,stop,-0.016813,-0.01097,24.1
V3,L-2022-02-11 23:59-44,2022-02-12 00:00,42574.75,41919.97,37026.73,2022-02-12 00:00,2022-02-12 06:35,R_invalid,2022-02-12 06:44,stop,-0.016579,-0.01078,6.7
V3,L-2022-03-04 07:59-45,2022-03-04 08:00,41522.37,40926.85,37000.00,2022-03-04 08:00,2022-03-04 08:35,R_invalid,2022-03-04 08:34,stop,-0.015542,-0.01084,0.6
V3,L-2022-04-12 23:59-46,2022-04-13 01:15,39627.85,39113.41,39200.00,2022-04-13 00:00,2022-04-13 08:00,R_replaced,2022-04-14 18:54,stop,0.013117,0.01010,41.7
V3,L-2022-05-31 19:59-47,2022-05-31 20:05,31601.02,31128.33,28019.56,2022-05-31 20:00,2022-06-01 00:00,DISARM,2022-06-01 14:39,stop,-0.016358,-0.01094,18.6
V3,L-2022-06-02 11:59-48,2022-06-02 13:10,29804.14,29477.40,29299.62,2022-06-02 12:00,2022-06-02 20:00,R_replaced,2022-06-03 10:34,stop,0.011166,0.01019,21.4
V3,L-2022-07-16 03:59-49,2022-07-16 04:00,20820.68,20560.13,18910.94,2022-07-16 04:00,2022-07-16 06:00,R_invalid,2022-07-16 05:59,stop,-0.013714,-0.01096,2.0
V3,L-2022-07-21 03:59-50,2022-07-21 04:00,23191.00,22843.66,20762.45,2022-07-21 04:00,2022-07-21 04:05,R_invalid,2022-07-21 04:04,stop,-0.016177,-0.01080,0.1
V3,L-2022-09-15 03:59-51,2022-09-15 14:35,19844.47,19541.20,19291.75,2022-09-15 04:00,2022-09-15 15:20,R_invalid,2022-09-15 15:19,stop,-0.016483,-0.01079,0.7
V3,L-2022-09-28 07:59-52,2022-09-28 08:40,18697.24,18404.62,18356.39,2022-09-28 08:00,2022-09-28 16:00,R_replaced,2022-10-13 10:29,stop,0.035827,0.02289,361.8
V3,L-2023-01-12 11:59-53,2023-01-12 13:30,18034.36,17848.69,16256.30,2023-01-12 12:00,2023-01-12 20:00,R_replaced,2023-02-11 00:00,dexit,0.104393,0.10140,706.5
V3,L-2023-02-16 11:59-54,2023-02-16 12:10,24472.91,24214.14,21351.07,2023-02-16 12:00,2023-02-16 22:35,R_invalid,2023-02-16 20:29,stop,0.011639,0.01101,8.3
V3,L-2023-02-19 15:59-55,2023-02-19 16:50,24722.05,24443.15,22047.28,2023-02-19 16:00,2023-02-19 17:10,R_invalid,2023-02-19 17:09,stop,-0.012481,-0.01106,0.3
V3,L-2023-03-14 23:59-56,2023-03-15 00:00,24721.62,24149.33,20270.60,2023-03-15 00:00,2023-03-15 08:00,R_replaced,2023-03-15 16:14,stop,-0.024812,-0.01072,16.2
V3,L-2023-03-18 03:59-57,2023-03-18 16:30,26686.98,26171.25,23896.95,2023-03-18 04:00,2023-03-19 00:00,R_replaced,2023-03-22 19:54,stop,0.019054,0.00986,99.4
V3,L-2023-03-22 23:59-58,2023-03-23 00:00,27235.06,26540.14,24890.00,2023-03-23 00:00,2023-03-23 08:00,R_replaced,2023-03-24 21:24,stop,0.025526,0.01000,45.4
V3,L-2023-03-30 03:59-59,2023-03-30 04:00,28456.02,28035.14,26508.14,2023-03-30 04:00,2023-03-30 12:00,R_replaced,2023-03-30 16:19,stop,-0.016058,-0.01086,12.3
V3,L-2023-04-27 11:59-60,2023-04-27 12:35,28665.16,28280.20,26942.82,2023-04-27 12:00,2023-04-28 00:00,R_replaced,2023-05-01 01:39,stop,0.013342,0.00993,85.1
V3,L-2023-06-23 23:59-61,2023-06-24 15:30,30355.19,29811.40,28257.99,2023-06-24 00:00,2023-06-24 20:00,R_replaced,2023-06-28 19:34,stop,-0.020353,-0.01136,100.1
V3,L-2023-10-20 19:59-62,2023-10-21 02:35,29464.33,29126.76,27112.66,2023-10-20 20:00,2023-10-21 04:00,R_replaced,2024-01-12 22:05,v,0.214806,0.18749,2011.5
V3,L-2024-03-03 23:59-63,2024-03-04 00:45,62413.37,61699.94,56691.85,2024-03-04 00:00,2024-03-04 08:00,R_replaced,2024-03-05 19:39,stop,0.039843,0.03486,42.9
V3,L-2024-03-10 11:59-64,2024-03-10 14:40,68878.52,68057.71,62779.14,2024-03-10 12:00,2024-03-10 20:00,R_replaced,2024-03-11 00:54,stop,-0.014016,-0.01176,10.2
V3,L-2024-04-07 23:59-65,2024-04-08 00:00,69446.25,68674.66,64493.07,2024-04-08 00:00,2024-04-08 08:00,R_replaced,2024-04-09 08:09,stop,0.015874,0.01429,32.2
V3,L-2024-04-13 23:59-66,2024-04-14 00:00,64724.23,63339.41,65086.86,2024-04-14 00:00,2024-04-14 00:05,V,2024-04-14 00:05,v,-0.008909,-0.00416,0.1
V3,L-2024-05-16 03:59-67,2024-05-16 15:00,65340.08,64487.46,60187.12,2024-05-16 04:00,2024-05-16 16:00,R_replaced,2024-05-20 19:24,tp,0.027770,0.02128,100.4
V3,L-2024-08-28 19:59-68,2024-08-29 00:00,58984.94,58224.80,58034.01,2024-08-28 20:00,2024-08-29 04:00,R_replaced,2024-08-29 18:49,stop,0.013101,0.01017,18.8
V3,L-2024-10-15 07:59-69,2024-10-15 08:00,65735.54,65104.10,58946.00,2024-10-15 08:00,2024-10-15 11:55,R_invalid,2024-10-15 14:39,stop,0.015244,0.01587,6.7
V3,L-2024-11-07 03:59-70,2024-11-07 04:05,74897.90,73912.10,66835.00,2024-11-07 04:00,2024-11-07 20:00,R_replaced,2024-12-05 22:30,v,0.078797,0.05987,690.4
V3,L-2025-01-31 23:59-71,2025-02-01 00:00,103219.87,101793.70,97777.77,2025-02-01 00:00,2025-02-01 04:10,R_invalid,2025-02-01 08:54,stop,-0.015070,-0.01091,8.9
V3,L-2025-04-02 23:59-72,2025-04-03 00:00,85642.17,84170.83,81278.52,2025-04-03 00:00,2025-04-03 00:05,R_invalid,2025-04-03 00:04,stop,-0.018380,-0.01070,0.1
V3,L-2025-04-12 23:59-73,2025-04-13 08:10,84263.21,83182.30,74620.00,2025-04-13 00:00,2025-04-13 19:45,R_invalid,2025-04-13 19:44,stop,-0.014124,-0.01101,11.6
V3,L-2025-06-10 03:59-74,2025-06-10 14:30,108617.57,107240.71,100372.26,2025-06-10 04:00,2025-06-10 20:00,R_replaced,2025-06-12 10:29,stop,-0.014271,-0.01126,44.0
V3,L-2025-08-12 23:59-75,2025-08-13 02:15,119071.25,117880.10,111920.00,2025-08-13 00:00,2025-08-13 12:00,R_replaced,2025-08-13 22:44,tp,0.020162,0.02015,20.5
V3,L-2025-12-03 11:59-76,2025-12-03 14:00,91932.56,90681.94,83822.76,2025-12-03 12:00,2025-12-03 20:00,R_replaced,2025-12-05 13:29,stop,-0.015002,-0.01103,47.5
V3,L-2026-01-08 11:59-77,2026-01-08 12:00,90228.38,89319.34,84450.01,2026-01-08 12:00,2026-01-08 14:30,R_invalid,2026-01-08 14:29,stop,-0.011275,-0.01119,2.5
V3,L-2026-08-21 23:59-78,2026-08-22 05:10,77060.27,76008.29,64166.00,2026-08-22 00:00,2026-08-22 08:00,R_replaced,2026-08-23 05:14,stop,-0.015151,-0.01110,24.1
V3,L-2026-08-25 03:59-79,2026-08-25 07:50,79322.33,78174.77,73027.02,2026-08-25 04:00,2026-08-25 12:00,R_replaced,2026-08-25 13:54,stop,-0.015767,-0.01090,6.1
