version,feature,population,period,tercile,n,mean_R,mean_R_top2rm,median_R,p_win2r,p_ride7,stop_rate,pr_p5,pr_p95
V2,RET100,P-A,DEV,0,22,0.0171,-0.9776,-1.0714,9.09,13.64,90.91,,
V2,RET100,P-A,DEV,1,16,0.3642,0.3642,-1.0871,18.75,18.75,75.00,,
V2,RET100,P-A,DEV,2,19,0.4457,0.4457,-1.0551,15.79,5.26,73.68,,
V2,RET100,P-S,DEV,0,22,0.0171,-0.9776,-1.0714,9.09,13.64,90.91,,
V2,RET100,P-S,DEV,1,22,0.2767,0.2767,-1.0871,18.18,18.18,77.27,,
V2,RET100,P-S,DEV,2,22,0.5927,0.5927,-1.0466,22.73,9.09,77.27,,
V2,RET100,P-R(median of runs),DEV,0,21.0,-0.1098,,-1.0788,9.52,4.76,71.43,0.00,14.29
V2,RET100,P-R(median of runs),DEV,1,15.0,-0.1789,,-1.1125,12.13,6.67,81.25,0.00,18.75
V2,RET100,P-R(median of runs),DEV,2,19.0,0.0815,,-1.0764,15.79,5.00,72.22,0.00,11.76
V2,RET100,P-A,TEST,0,8,6.0179,-1.1098,-1.1057,25.00,25.00,75.00,,
V2,RET100,P-A,TEST,1,16,0.6295,0.6295,-0.6960,31.25,12.50,68.75,,
V2,RET100,P-A,TEST,2,1,-1.1191,-1.1191,-1.1191,0.00,0.00,100.00,,
V2,RET100,P-S,TEST,0,8,6.0179,-1.1098,-1.1057,25.00,25.00,75.00,,
V2,RET100,P-S,TEST,1,26,0.3453,0.3453,-0.9184,23.08,11.54,76.92,,
V2,RET100,P-S,TEST,2,1,-1.1191,-1.1191,-1.1191,0.00,0.00,100.00,,
V2,RET100,P-R(median of runs),TEST,0,8.0,2.5259,,-0.9055,28.57,22.22,57.14,0.00,44.44
V2,RET100,P-R(median of runs),TEST,1,15.0,0.4423,,-1.1003,15.38,13.33,75.00,5.59,28.57
V2,RET100,P-R(median of runs),TEST,2,1.0,-0.6807,,-0.6807,0.00,0.00,100.00,0.00,100.00
V2,MA200,P-A,DEV,0,22,-0.0254,-1.0243,-1.0745,9.09,9.09,90.91,,
V2,MA200,P-A,DEV,1,16,0.4199,0.4199,-1.0871,18.75,25.00,75.00,,
V2,MA200,P-A,DEV,2,19,0.4480,0.4480,-1.0551,15.79,5.26,73.68,,
V2,MA200,P-S,DEV,0,22,-0.0254,-1.0243,-1.0745,9.09,9.09,90.91,,
V2,MA200,P-S,DEV,1,22,0.4963,0.4963,-0.9042,22.73,27.27,77.27,,
V2,MA200,P-S,DEV,2,22,0.4156,0.4156,-1.0605,18.18,4.55,77.27,,
V2,MA200,P-R(median of runs),DEV,0,20.0,-0.1979,,-1.0815,9.52,4.76,70.29,0.00,14.29
V2,MA200,P-R(median of runs),DEV,1,17.0,-0.0226,,-1.1125,13.33,6.25,81.25,0.00,18.75
V2,MA200,P-R(median of runs),DEV,2,17.0,0.0598,,-1.0754,15.00,0.00,72.22,0.00,12.50
V2,MA200,P-A,TEST,0,4,3.7282,-1.1257,-1.1223,25.00,25.00,75.00,,
V2,MA200,P-A,TEST,1,19,2.1553,0.2466,-0.7761,26.32,15.79,68.42,,
V2,MA200,P-A,TEST,2,2,0.6166,0.6166,0.6166,50.00,0.00,100.00,,
V2,MA200,P-S,TEST,0,4,3.7282,-1.1257,-1.1223,25.00,25.00,75.00,,
V2,MA200,P-S,TEST,1,29,1.3744,0.1195,-1.0703,20.69,13.79,75.86,,
V2,MA200,P-S,TEST,2,2,0.6166,0.6166,0.6166,50.00,0.00,100.00,,
V2,MA200,P-R(median of runs),TEST,0,4.0,0.9557,,-0.5531,25.00,20.00,60.00,0.00,50.00
V2,MA200,P-R(median of runs),TEST,1,18.0,1.1515,,-1.0944,21.05,16.67,68.75,5.26,33.45
V2,MA200,P-R(median of runs),TEST,2,2.0,-0.8515,,-0.8723,0.00,0.00,100.00,0.00,100.00
V2,VOL30,P-A,DEV,0,19,0.4577,-0.1312,-1.0714,15.79,15.79,78.95,,
V2,VOL30,P-A,DEV,1,19,0.8070,0.3590,-1.0601,21.05,15.79,73.68,,
V2,VOL30,P-A,DEV,2,19,-0.4925,-0.4925,-1.0599,5.26,5.26,89.47,,
V2,VOL30,P-S,DEV,0,22,0.3224,-0.1888,-1.0714,13.64,13.64,81.82,,
V2,VOL30,P-S,DEV,1,22,0.9598,0.5830,-1.0606,27.27,22.73,72.73,,
V2,VOL30,P-S,DEV,2,22,-0.3956,-0.3956,-1.0617,9.09,4.55,90.91,,
V2,VOL30,P-R(median of runs),DEV,0,21.0,-0.0090,,-1.0873,12.50,5.56,71.13,0.00,17.40
V2,VOL30,P-R(median of runs),DEV,1,14.0,0.1945,,-1.0990,15.38,6.67,78.57,0.00,16.67
V2,VOL30,P-R(median of runs),DEV,2,19.0,-0.3079,,-1.0796,9.52,0.00,75.00,0.00,10.00
V2,VOL30,P-A,TEST,0,12,4.9449,0.4537,-0.7665,33.33,25.00,66.67,,
V2,VOL30,P-A,TEST,1,7,-0.0864,-0.0864,-1.0703,28.57,14.29,85.71,,
V2,VOL30,P-A,TEST,2,6,-0.2730,-0.2730,-0.8396,16.67,0.00,66.67,,
V2,VOL30,P-S,TEST,0,13,4.4785,0.3108,-0.7761,30.77,23.08,69.23,,
V2,VOL30,P-S,TEST,1,13,0.2120,0.2120,-1.0703,23.08,15.38,84.62,,
V2,VOL30,P-S,TEST,2,9,-0.5526,-0.5526,-1.1191,11.11,0.00,77.78,,
V2,VOL30,P-R(median of runs),TEST,0,13.0,1.9602,,-0.8122,25.00,19.09,61.54,7.14,38.46
V2,VOL30,P-R(median of runs),TEST,1,5.0,0.7172,,-1.0937,20.00,16.67,66.67,0.00,50.00
V2,VOL30,P-R(median of runs),TEST,2,6.0,-0.6574,,-1.0994,0.00,0.00,85.71,0.00,33.33
V2,RET14,P-A,DEV,0,22,-0.9954,-0.9954,-1.0752,0.00,4.55,95.45,,
V2,RET14,P-A,DEV,1,19,1.0019,-0.0526,-0.7070,15.79,15.79,73.68,,
V2,RET14,P-A,DEV,2,16,1.0959,1.0959,-1.0442,31.25,18.75,68.75,,
V2,RET14,P-S,DEV,0,22,-0.9954,-0.9954,-1.0752,0.00,4.55,95.45,,
V2,RET14,P-S,DEV,1,22,0.7318,-0.1914,-0.7216,13.64,13.64,77.27,,
V2,RET14,P-S,DEV,2,22,1.1501,1.1501,-0.8256,36.36,22.73,72.73,,
V2,RET14,P-R(median of runs),DEV,0,21.0,-0.2346,,-1.0856,8.70,4.55,68.30,0.00,11.11
V2,RET14,P-R(median of runs),DEV,1,19.0,-0.0696,,-1.1028,12.50,5.26,80.00,0.00,15.02
V2,RET14,P-R(median of runs),DEV,2,14.0,0.2977,,-1.0757,17.91,6.67,76.47,0.00,16.67
V2,RET14,P-A,TEST,0,8,-0.6094,-0.6094,-1.0821,12.50,0.00,75.00,,
V2,RET14,P-A,TEST,1,12,5.0385,0.5660,-0.7056,33.33,25.00,66.67,,
V2,RET14,P-A,TEST,2,5,0.3019,0.3019,-1.0839,40.00,20.00,80.00,,
V2,RET14,P-S,TEST,0,9,-0.6618,-0.6618,-1.0811,11.11,0.00,77.78,,
V2,RET14,P-S,TEST,1,17,3.7867,0.6381,-0.7761,29.41,23.53,70.59,,
V2,RET14,P-S,TEST,2,9,-0.2682,-0.2682,-1.0839,22.22,11.11,88.89,,
V2,RET14,P-R(median of runs),TEST,0,10.0,0.7971,,-0.7521,22.22,11.11,58.33,0.00,28.68
V2,RET14,P-R(median of runs),TEST,1,10.0,1.8082,,-1.1096,25.00,22.22,72.73,8.33,45.45
V2,RET14,P-R(median of runs),TEST,2,3.0,-0.8978,,-1.1119,0.00,0.00,100.00,0.00,33.33
V2,STOPPCT,P-A,DEV,0,18,0.4705,-0.0237,-1.0942,16.67,16.67,83.33,,
V2,STOPPCT,P-A,DEV,1,18,0.0902,-0.5550,-1.0834,11.11,11.11,77.78,,
V2,STOPPCT,P-A,DEV,2,21,0.2181,0.2181,-1.0582,14.29,9.52,80.95,,
V2,STOPPCT,P-S,DEV,0,22,0.2018,-0.2110,-1.0958,13.64,13.64,86.36,,
V2,STOPPCT,P-S,DEV,1,22,0.1151,-0.4060,-1.0794,13.64,9.09,81.82,,
V2,STOPPCT,P-S,DEV,2,22,0.5697,0.5697,-1.0524,22.73,18.18,77.27,,
V2,STOPPCT,P-A,TEST,0,15,4.2719,0.7136,-0.6351,40.00,20.00,66.67,,
V2,STOPPCT,P-A,TEST,1,5,-1.1184,-1.1184,-1.1096,0.00,0.00,100.00,,
V2,STOPPCT,P-A,TEST,2,5,-0.2781,-0.2781,-1.0608,20.00,20.00,60.00,,
V2,STOPPCT,P-S,TEST,0,17,3.6377,0.4693,-0.7569,35.29,17.65,70.59,,
V2,STOPPCT,P-S,TEST,1,9,-0.2873,-0.2873,-1.0956,11.11,11.11,88.89,,
V2,STOPPCT,P-S,TEST,2,9,-0.3613,-0.3613,-1.0608,11.11,11.11,77.78,,
V2,DDEPTH,P-A,DEV,0,18,-0.0931,-0.0931,-1.0605,11.11,5.56,88.89,,
V2,DDEPTH,P-A,DEV,1,17,0.7734,-0.4521,-1.0797,17.65,17.65,82.35,,
V2,DDEPTH,P-A,DEV,2,22,0.1454,0.1454,-1.0592,13.64,13.64,72.73,,
V2,DDEPTH,P-S,DEV,0,22,-0.0196,-0.0196,-1.0605,13.64,4.55,90.91,,
V2,DDEPTH,P-S,DEV,1,22,0.7608,-0.1596,-1.0855,22.73,22.73,81.82,,
V2,DDEPTH,P-S,DEV,2,22,0.1454,0.1454,-1.0592,13.64,13.64,72.73,,
V2,DDEPTH,P-A,TEST,0,15,4.0641,0.4738,-0.7569,33.33,20.00,73.33,,
V2,DDEPTH,P-A,TEST,1,8,-0.2726,-0.2726,-1.0821,25.00,12.50,75.00,,
V2,DDEPTH,P-A,TEST,2,2,-0.8424,-0.8424,-0.8424,0.00,0.00,50.00,,
V2,DDEPTH,P-S,TEST,0,18,3.2042,0.1796,-0.9245,27.78,16.67,77.78,,
V2,DDEPTH,P-S,TEST,1,13,-0.5582,-0.5582,-1.0939,15.38,7.69,84.62,,
V2,DDEPTH,P-S,TEST,2,4,1.3961,1.3961,0.1919,25.00,25.00,50.00,,
V3,RET100,P-A,DEV,0,19,-0.2362,-0.5448,-1.0780,10.53,10.53,94.74,,
V3,RET100,P-A,DEV,1,16,0.1112,0.1112,-1.0762,6.25,6.25,93.75,,
V3,RET100,P-A,DEV,2,17,0.1462,-0.1612,-1.0598,17.65,5.88,70.59,,
V3,RET100,P-S,DEV,0,19,-0.2362,-0.5448,-1.0780,10.53,10.53,94.74,,
V3,RET100,P-S,DEV,1,20,0.1056,0.1056,-1.0762,5.00,10.00,90.00,,
V3,RET100,P-S,DEV,2,19,0.2832,0.0176,-0.0865,21.05,5.26,73.68,,
V3,RET100,P-R(median of runs),DEV,0,19.0,0.0578,,-0.7401,10.53,0.00,73.68,0.00,10.00
V3,RET100,P-R(median of runs),DEV,1,15.5,-0.0312,,-1.1012,9.31,0.00,84.62,0.00,13.33
V3,RET100,P-R(median of runs),DEV,2,15.0,-0.1320,,-1.0812,7.14,0.00,82.35,0.00,7.69
V3,RET100,P-A,TEST,0,6,1.1273,-0.6753,-1.0855,16.67,16.67,83.33,,
V3,RET100,P-A,TEST,1,16,1.5884,0.4443,0.2885,25.00,12.50,68.75,,
V3,RET100,P-A,TEST,2,5,0.7277,0.7277,0.9859,20.00,0.00,100.00,,
V3,RET100,P-S,TEST,0,6,1.1273,-0.6753,-1.0855,16.67,16.67,83.33,,
V3,RET100,P-S,TEST,1,19,1.1581,0.1809,-1.0718,21.05,10.53,73.68,,
V3,RET100,P-S,TEST,2,10,0.0280,0.0280,-1.0718,10.00,0.00,100.00,,
V3,RET100,P-R(median of runs),TEST,0,6.0,0.8443,,-0.0550,20.00,14.29,62.50,0.00,42.86
V3,RET100,P-R(median of runs),TEST,1,15.0,0.4621,,-0.5927,13.33,7.14,77.78,0.00,20.00
V3,RET100,P-R(median of runs),TEST,2,3.0,-0.0949,,-0.2048,0.00,0.00,100.00,0.00,25.00
V3,MA200,P-A,DEV,0,19,-0.2584,-0.2584,-1.0785,10.53,10.53,94.74,,
V3,MA200,P-A,DEV,1,16,0.2213,-0.1185,-1.0680,12.50,6.25,93.75,,
V3,MA200,P-A,DEV,2,17,0.0674,-0.2449,-1.0598,11.76,5.88,70.59,,
V3,MA200,P-S,DEV,0,19,-0.2584,-0.2584,-1.0785,10.53,10.53,94.74,,
V3,MA200,P-S,DEV,1,20,0.1936,-0.0761,-1.0680,10.00,10.00,90.00,,
V3,MA200,P-S,DEV,2,19,0.2127,-0.0569,-0.0865,15.79,5.26,73.68,,
V3,MA200,P-R(median of runs),DEV,0,19.0,0.0082,,-0.9069,10.53,0.00,73.68,0.00,6.67
V3,MA200,P-R(median of runs),DEV,1,15.0,-0.0477,,-1.1030,7.69,0.00,86.67,0.00,9.30
V3,MA200,P-R(median of runs),DEV,2,17.0,-0.0704,,-1.0781,11.11,0.00,80.00,0.00,11.14
V3,MA200,P-A,TEST,0,2,-1.1110,-1.1110,-1.1110,0.00,0.00,100.00,,
V3,MA200,P-A,TEST,1,19,1.8316,0.3478,0.9859,26.32,15.79,73.68,,
V3,MA200,P-A,TEST,2,6,0.5394,0.5394,0.2920,16.67,0.00,83.33,,
V3,MA200,P-S,TEST,0,2,-1.1110,-1.1110,-1.1110,0.00,0.00,100.00,,
V3,MA200,P-S,TEST,1,22,1.5259,0.2340,-0.0530,22.73,13.64,77.27,,
V3,MA200,P-S,TEST,2,11,-0.2090,-0.2090,-1.0722,9.09,0.00,90.91,,
V3,MA200,P-R(median of runs),TEST,0,3.0,0.1457,,-0.0306,0.00,0.00,66.67,0.00,66.67
V3,MA200,P-R(median of runs),TEST,1,17.0,0.8048,,-0.0836,17.65,11.76,70.59,0.00,23.53
V3,MA200,P-R(median of runs),TEST,2,6.0,-0.3413,,-1.0764,0.00,0.00,100.00,0.00,20.25
V3,VOL30,P-A,DEV,0,16,-0.0857,-0.0857,-1.0738,6.25,6.25,87.50,,
V3,VOL30,P-A,DEV,1,19,0.5439,-0.0028,0.1602,21.05,10.53,84.21,,
V3,VOL30,P-A,DEV,2,17,-0.5404,-0.5404,-1.0688,5.88,5.88,88.24,,
V3,VOL30,P-S,DEV,0,18,-0.0650,-0.0650,-1.0738,5.56,11.11,83.33,,
V3,VOL30,P-S,DEV,1,21,0.5011,0.0074,0.1602,19.05,9.52,85.71,,
V3,VOL30,P-S,DEV,2,19,-0.3341,-0.3341,-1.0639,10.53,5.26,89.47,,
V3,VOL30,P-R(median of runs),DEV,0,19.0,-0.0774,,-1.0804,10.00,0.00,76.47,0.00,11.76
V3,VOL30,P-R(median of runs),DEV,1,15.0,0.0434,,-1.0938,11.44,0.00,83.33,0.00,7.72
V3,VOL30,P-R(median of runs),DEV,2,16.0,-0.0913,,-1.0693,11.11,0.00,80.00,0.00,7.17
V3,VOL30,P-A,TEST,0,12,2.9162,0.6105,1.0471,33.33,25.00,66.67,,
V3,VOL30,P-A,TEST,1,9,-0.1174,-0.1174,-1.0718,11.11,0.00,100.00,,
V3,VOL30,P-A,TEST,2,6,0.3130,0.3130,0.3001,16.67,0.00,66.67,,
V3,VOL30,P-S,TEST,0,13,2.6058,0.4534,0.9935,30.77,23.08,69.23,,
V3,VOL30,P-S,TEST,1,13,-0.2564,-0.2564,-1.0718,7.69,0.00,100.00,,
V3,VOL30,P-S,TEST,2,9,-0.1662,-0.1662,-1.0722,11.11,0.00,77.78,,
V3,VOL30,P-R(median of runs),TEST,0,13.0,1.0492,,0.4367,21.43,15.38,69.23,0.00,30.77
V3,VOL30,P-R(median of runs),TEST,1,6.5,0.2523,,-0.6140,15.48,12.50,83.33,0.00,33.33
V3,VOL30,P-R(median of runs),TEST,2,6.0,-0.3719,,-1.0940,0.00,0.00,85.71,0.00,16.67
V3,RET14,P-A,DEV,0,19,-0.5294,-0.5294,-1.0688,5.26,5.26,94.74,,
V3,RET14,P-A,DEV,1,18,0.1164,-0.1896,-1.0819,11.11,11.11,77.78,,
V3,RET14,P-A,DEV,2,15,0.5161,0.1912,0.9443,20.00,6.67,86.67,,
V3,RET14,P-S,DEV,0,19,-0.5294,-0.5294,-1.0688,5.26,5.26,94.74,,
V3,RET14,P-S,DEV,1,20,0.1148,-0.1591,-1.0819,10.00,15.00,75.00,,
V3,RET14,P-S,DEV,2,19,0.5668,0.3169,0.9443,21.05,5.26,89.47,,
V3,RET14,P-R(median of runs),DEV,0,20.0,-0.0329,,-0.7152,9.52,0.00,72.22,0.00,8.70
V3,RET14,P-R(median of runs),DEV,1,14.0,-0.1993,,-1.1067,7.14,0.00,85.71,0.00,10.56
V3,RET14,P-R(median of runs),DEV,2,15.0,0.0796,,-1.0747,13.33,0.00,84.62,0.00,11.80
V3,RET14,P-A,TEST,0,8,-0.0975,-0.0975,-0.7431,12.50,0.00,75.00,,
V3,RET14,P-A,TEST,1,9,3.1785,-0.0403,1.1007,22.22,22.22,77.78,,
V3,RET14,P-A,TEST,2,10,0.7989,0.7989,-0.0499,30.00,10.00,80.00,,
V3,RET14,P-S,TEST,0,9,-0.2065,-0.2065,-1.0698,11.11,0.00,77.78,,
V3,RET14,P-S,TEST,1,12,2.2740,-0.1601,-0.0539,16.67,16.67,83.33,,
V3,RET14,P-S,TEST,2,14,0.2584,0.2584,-1.0790,21.43,7.14,85.71,,
V3,RET14,P-R(median of runs),TEST,0,11.0,0.4854,,-0.1583,17.42,7.69,62.50,0.00,20.00
V3,RET14,P-R(median of runs),TEST,1,8.0,0.6337,,-1.0987,16.67,14.29,83.33,0.00,40.00
V3,RET14,P-R(median of runs),TEST,2,6.0,0.1930,,-1.0655,10.00,0.00,88.89,0.00,22.36
V3,STOPPCT,P-A,DEV,0,16,-0.0488,-0.4066,-1.0999,6.25,6.25,93.75,,
V3,STOPPCT,P-A,DEV,1,18,-0.3018,-0.3018,-1.0867,5.56,5.56,88.89,,
V3,STOPPCT,P-A,DEV,2,18,0.3328,0.0545,-0.5590,22.22,11.11,77.78,,
V3,STOPPCT,P-S,DEV,0,19,-0.0882,-0.3885,-1.0959,5.26,10.53,89.47,,
V3,STOPPCT,P-S,DEV,1,20,-0.1080,-0.1080,-1.0819,10.00,5.00,90.00,,
V3,STOPPCT,P-S,DEV,2,19,0.3600,0.0987,-0.0865,21.05,10.53,78.95,,
V3,STOPPCT,P-A,TEST,0,13,2.6072,0.4550,1.1007,30.77,15.38,76.92,,
V3,STOPPCT,P-A,TEST,1,8,0.4537,0.4537,-1.0878,25.00,12.50,75.00,,
V3,STOPPCT,P-A,TEST,2,6,-0.2846,-0.2846,-0.7431,0.00,0.00,83.33,,
V3,STOPPCT,P-S,TEST,0,15,2.1105,0.2130,1.0166,26.67,13.33,80.00,,
V3,STOPPCT,P-S,TEST,1,12,0.1027,0.1027,-1.0878,16.67,8.33,83.33,,
V3,STOPPCT,P-S,TEST,2,8,-0.4803,-0.4803,-1.0675,0.00,0.00,87.50,,
V3,DDEPTH,P-A,DEV,0,15,-0.6286,-0.6286,-1.0959,0.00,0.00,100.00,,
V3,DDEPTH,P-A,DEV,1,18,0.3605,0.0689,-1.0791,22.22,16.67,83.33,,
V3,DDEPTH,P-A,DEV,2,19,0.1430,-0.1305,-0.0865,10.53,5.26,78.95,,
V3,DDEPTH,P-S,DEV,0,19,-0.3105,-0.3105,-1.0932,5.26,5.26,94.74,,
V3,DDEPTH,P-S,DEV,1,20,0.3094,0.0458,-1.0791,20.00,15.00,85.00,,
V3,DDEPTH,P-S,DEV,2,19,0.1430,-0.1305,-0.0865,10.53,5.26,78.95,,
V3,DDEPTH,P-A,TEST,0,17,2.0374,0.3832,-1.0718,29.41,17.65,76.47,,
V3,DDEPTH,P-A,TEST,1,7,-0.0591,-0.0591,-1.0698,14.29,0.00,85.71,,
V3,DDEPTH,P-A,TEST,2,3,0.5312,0.5312,0.9935,0.00,0.00,66.67,,
V3,DDEPTH,P-S,TEST,0,22,1.4158,0.1130,-1.0790,22.73,13.64,81.82,,
V3,DDEPTH,P-S,TEST,1,9,-0.5176,-0.5176,-1.0783,11.11,0.00,88.89,,
V3,DDEPTH,P-S,TEST,2,4,0.6394,0.6394,0.9787,0.00,0.00,75.00,,
