version,signal_id,entry_date,year,period,RET100,MA200,VOL30,RET14,STOPPCT,DDEPTH,tercile_RET100,tercile_MA200,tercile_VOL30,tercile_RET14,tercile_STOPPCT,tercile_DDEPTH,c,k,grade,R_REAL,hold_days,result,regression_risk_tier(exit-aware),regression_signal_tier(+2R)
V2,L-2019-04-13 19:59-1,2019-04-13 20:10,2019,DEV,0.268700,0.097289,54.246575,0.207215,0.009472,0.729598,1,1,0,2,0,2,0,0,B,-1.1900,1.90,stop,B/C,B/C
V2,L-2019-05-14 15:59-2,2019-05-14 16:00,2019,DEV,0.798807,0.806725,54.520548,0.396966,0.019630,0.038210,2,2,1,2,2,0,0,0,B,-1.0611,0.00,stop,A,B/C
V2,L-2019-05-17 07:59-3,2019-05-17 08:05,2019,DEV,0.818012,0.620049,56.438356,0.359174,0.036044,0.752704,2,2,1,2,2,2,0,0,B,-1.0333,0.18,stop,A,B/C
V2,L-2019-05-29 19:59-4,2019-05-30 00:05,2019,DEV,0.796442,0.881122,86.575342,0.056607,0.012073,0.281679,2,2,2,1,0,1,0,0,B,1.2420,0.84,stop,A,A
V2,L-2019-06-25 15:59-5,2019-06-25 17:40,2019,DEV,1.015238,1.210621,62.191781,0.325744,0.013107,0.081895,2,2,1,2,0,0,0,0,B,6.4913,0.48,tp,A,A
V2,L-2019-06-29 07:59-6,2019-06-29 08:30,2019,DEV,1.120750,1.229577,95.616438,0.360188,0.024824,0.582697,2,2,2,2,2,2,0,0,B,-0.6180,1.22,stop,A,B/C
V2,L-2019-07-11 03:59-7,2019-07-11 04:00,2019,DEV,1.072100,1.044422,99.726027,-0.078242,0.018857,0.721870,2,2,2,0,2,2,0,0,B,-1.0636,0.01,stop,A,B/C
V2,L-2019-07-21 03:59-8,2019-07-21 04:00,2019,DEV,0.761091,0.758688,99.452055,-0.046948,0.017048,0.194271,2,2,2,0,2,0,0,0,B,-1.0704,0.00,stop,B/C,B/C
V2,L-2019-08-08 07:59-9,2019-08-08 13:55,2019,DEV,0.826857,0.755693,87.123288,0.204195,0.014030,0.416818,2,2,2,2,1,1,0,0,B,-1.0927,0.15,stop,A,B/C
V2,L-2019-11-29 23:59-10,2019-11-30 14:25,2019,DEV,-0.270381,-0.199163,20.273973,-0.090374,0.019621,0.308237,0,0,0,0,2,1,0,0,B,-1.0714,0.46,stop,B/C,B/C
V2,L-2020-01-07 11:59-11,2020-01-07 13:05,2020,DEV,-0.055264,-0.151314,35.342466,0.058512,0.012193,-0.038034,0,0,0,1,0,0,0,0,B,-0.7070,0.12,stop,B/C,B/C
V2,L-2020-01-12 03:59-12,2020-01-12 04:00,2020,DEV,-0.025112,-0.115815,48.493151,0.091857,0.014214,0.312758,0,0,0,1,1,1,0,0,B,11.0576,38.74,v,B/C,B/C
V2,L-2020-03-20 11:59-13,2020-03-20 18:25,2020,DEV,-0.158965,-0.259056,100.000000,-0.384820,0.037653,0.085486,0,0,2,0,2,0,0,0,B,-1.0319,0.07,stop,B/C,B/C
V2,L-2020-03-21 15:59-14,2020-03-22 12:15,2020,DEV,-0.151367,-0.290639,99.452055,-0.362104,0.022321,0.560964,0,0,2,0,2,2,0,0,B,-1.0582,0.33,stop,B/C,B/C
V2,L-2020-04-07 11:59-15,2020-04-07 12:30,2020,DEV,0.001879,-0.101540,100.000000,0.125202,0.012879,0.070576,1,0,2,1,0,0,0,0,B,-0.5800,0.32,stop,B/C,B/C
V2,L-2020-04-08 23:59-16,2020-04-09 03:30,2020,DEV,0.015784,-0.102364,97.808219,0.097501,0.012134,0.277988,1,0,2,1,0,1,0,0,B,-1.1071,0.35,stop,B/C,B/C
V2,L-2020-04-26 07:59-17,2020-04-26 15:05,2020,DEV,-0.145575,-0.057320,58.082192,0.091888,0.009311,0.263986,0,0,1,1,0,1,0,0,B,8.8715,13.39,v,B/C,B/C
V2,L-2020-05-23 23:59-18,2020-05-24 00:05,2020,DEV,-0.108354,0.135642,66.849315,-0.038496,0.010555,0.575286,0,1,1,0,0,2,0,0,B,-1.1232,0.58,stop,B/C,B/C
V2,L-2020-06-03 15:59-19,2020-06-04 11:30,2020,DEV,0.001046,0.171058,71.232877,0.016145,0.012977,0.798676,0,1,1,0,0,2,0,0,B,-0.0941,7.23,stop,B/C,B/C
V2,L-2020-08-02 23:59-20,2020-08-03 00:00,2020,DEV,0.388791,0.268620,21.917808,0.184181,0.013488,0.487818,1,1,0,2,1,2,0,0,B,3.2016,23.00,dexit,A,B/C
V2,L-2020-09-01 19:59-21,2020-09-02 00:35,2020,DEV,0.312725,0.312263,7.397260,-0.001931,0.010999,0.169492,1,1,0,0,0,0,0,0,B,-1.1091,0.25,stop,A,A
V2,L-2020-09-29 03:59-22,2020-09-29 04:00,2020,DEV,0.133548,0.154126,53.424658,0.002279,0.011746,0.282797,1,1,0,0,0,1,0,0,B,-1.1703,2.51,stop,B/C,B/C
V2,L-2020-10-28 03:59-23,2020-10-28 07:10,2020,DEV,0.392546,0.356011,8.767123,0.177311,0.012190,-0.188368,1,1,0,2,0,0,0,0,B,-1.1066,0.17,stop,A,B/C
V2,L-2020-11-07 23:59-24,2020-11-08 00:00,2020,DEV,0.288953,0.417466,35.890411,0.122356,0.019491,0.618888,1,1,0,1,2,2,0,0,B,8.0789,34.00,dexit,A,B/C
V2,L-2020-12-28 07:59-25,2020-12-29 05:10,2020,DEV,0.893573,0.998200,72.328767,0.340061,0.020874,0.574411,2,2,1,2,2,2,0,0,B,8.2251,4.48,tp,A,A
V2,L-2021-01-03 15:59-26,2021-01-03 16:45,2021,DEV,1.097661,1.432965,71.232877,0.300700,0.021779,-1.308389,2,2,1,2,2,0,0,0,B,-1.0551,0.08,stop,,
V2,L-2021-01-09 03:59-27,2021-01-09 05:55,2021,DEV,1.325968,1.732362,70.684932,0.496037,0.019890,0.303845,2,2,1,2,2,1,0,0,B,-0.5100,1.26,stop,A,A
V2,L-2021-01-14 23:59-28,2021-01-15 04:15,2021,DEV,1.306438,1.518320,89.863014,0.302601,0.020046,0.225014,2,2,2,2,2,0,0,0,B,-1.0599,0.08,stop,A,B/C
V2,L-2021-01-26 03:59-29,2021-01-26 04:00,2021,DEV,1.043532,0.948909,90.410959,-0.093190,0.017348,0.628699,2,2,2,0,2,2,0,0,B,-1.0692,0.00,stop,B/C,B/C
V2,L-2021-02-09 15:59-30,2021-02-09 16:15,2021,DEV,1.212742,1.502726,91.780822,0.363109,0.018023,0.056806,2,2,2,2,2,0,0,0,B,-1.0777,0.85,stop,A,A
V2,L-2021-02-10 19:59-31,2021-02-11 00:10,2021,DEV,1.196037,1.363567,91.232877,0.389049,0.021125,0.355109,2,2,2,2,2,1,0,0,B,5.3048,12.19,v,A,A
V2,L-2021-03-05 23:59-32,2021-03-06 12:10,2021,DEV,0.957195,1.049354,82.739726,-0.136931,0.018647,0.968984,2,2,2,0,2,2,0,0,B,-0.0058,0.03,v,B/C,A
V2,L-2021-03-15 23:59-33,2021-03-16 00:00,2021,DEV,1.066096,1.188848,75.616438,0.114547,0.013971,1.073620,2,2,1,1,1,2,0,0,B,0.1390,0.00,v,A,A
V2,L-2021-03-20 11:59-34,2021-03-20 20:20,2021,DEV,1.140961,1.213698,75.616438,0.174220,0.011946,0.297403,2,2,1,1,0,1,0,0,B,-1.1088,0.26,stop,A,B/C
V2,L-2021-04-19 19:59-35,2021-04-20 00:20,2021,DEV,0.327697,0.635463,45.753425,-0.060959,0.018459,0.566847,1,2,0,0,2,2,0,0,B,-1.0650,0.27,stop,B/C,B/C
V2,L-2021-05-01 07:59-36,2021-05-01 15:25,2021,DEV,0.486520,0.583819,60.273973,-0.061190,0.014579,-0.079301,1,1,1,0,1,0,0,0,B,-1.0960,0.53,stop,B/C,B/C
V2,L-2021-05-03 11:59-37,2021-05-03 13:50,2021,DEV,0.540779,0.570507,60.821918,0.007597,0.016073,0.217084,1,1,1,0,1,0,0,0,B,-1.0871,0.45,stop,B/C,B/C
V2,L-2021-05-11 11:59-38,2021-05-12 16:15,2021,DEV,0.537924,0.428184,73.698630,0.029695,0.013773,0.743620,1,1,1,1,1,2,0,0,B,-1.0871,0.09,stop,B/C,B/C
V2,L-2021-05-27 15:59-39,2021-05-28 00:05,2021,DEV,-0.243103,-0.064877,98.904110,-0.253984,0.025796,0.625517,0,0,2,0,2,2,0,0,B,-1.0465,0.24,stop,B/C,B/C
V2,L-2021-06-02 23:59-40,2021-06-03 00:10,2021,DEV,-0.364436,-0.094102,98.904110,0.023664,0.013155,0.192829,0,0,2,1,1,0,0,0,B,-1.1140,1.21,stop,B/C,B/C
V2,L-2021-06-16 23:59-41,2021-06-17 00:00,2021,DEV,-0.311704,-0.091852,98.082192,0.020558,0.014687,0.382489,0,0,2,1,1,1,0,0,B,-1.0953,0.72,stop,B/C,B/C
V2,L-2021-07-04 15:59-42,2021-07-05 00:00,2021,DEV,-0.444298,-0.206059,75.890411,-0.008849,0.013151,0.302950,0,0,2,0,0,1,0,0,B,-1.0912,0.07,stop,B/C,B/C
V2,L-2021-08-02 03:59-43,2021-08-02 04:00,2021,DEV,-0.249268,-0.104667,37.808219,0.226216,0.018196,0.598923,0,0,0,2,2,2,0,0,B,-1.0714,0.34,stop,B/C,B/C
V2,L-2021-08-21 23:59-44,2021-08-22 00:00,2021,DEV,-0.017242,0.068402,39.726027,0.091060,0.012349,0.089905,0,1,0,1,0,0,0,0,B,-0.6248,0.62,stop,B/C,B/C
V2,L-2021-09-03 19:59-45,2021-09-03 22:10,2021,DEV,0.250746,0.081301,29.315068,0.051800,0.014221,0.150917,1,1,0,1,1,0,0,0,B,1.5230,3.69,stop,B/C,B/C
V2,L-2021-09-25 15:59-46,2021-09-26 02:10,2021,DEV,0.113481,-0.077360,60.273973,-0.057004,0.013365,0.688662,1,0,1,0,1,2,0,0,B,-1.0898,0.23,stop,B/C,B/C
V2,L-2021-10-07 19:59-47,2021-10-07 22:20,2021,DEV,0.472233,0.196606,71.232877,0.239281,0.011852,-0.687476,1,1,1,2,0,0,0,0,B,5.1879,20.07,dexit,A,B/C
V2,L-2021-10-29 23:59-48,2021-10-30 05:00,2021,DEV,0.660976,0.356400,39.726027,0.009381,0.014718,0.302034,2,1,0,0,1,1,0,0,B,-1.1087,1.21,stop,B/C,A
V2,L-2021-11-11 07:59-49,2021-11-12 09:55,2021,DEV,0.527888,0.391777,7.397260,0.067011,0.015568,0.870162,1,1,0,1,1,2,0,0,B,-0.4761,0.26,v,A,A
V2,L-2022-01-29 23:59-50,2022-01-30 14:20,2022,DEV,-0.488278,-0.227090,5.479452,-0.121191,0.015040,0.310145,0,0,0,0,1,1,0,0,B,-1.0931,0.43,stop,B/C,B/C
V2,L-2022-02-11 23:59-51,2022-02-12 00:00,2022,DEV,-0.394962,-0.137070,43.835616,0.116429,0.015470,0.368238,0,0,0,1,1,1,0,0,B,-1.0776,0.28,stop,B/C,B/C
V2,L-2022-03-04 07:59-52,2022-03-04 08:00,2022,DEV,-0.304081,-0.154744,78.082192,0.046732,0.014237,0.459751,0,0,2,1,1,1,0,0,B,-0.7219,0.02,stop,B/C,B/C
V2,L-2022-04-12 23:59-53,2022-04-13 01:15,2022,DEV,-0.165467,-0.177133,3.287671,-0.168605,0.012602,0.862134,0,0,0,0,0,2,0,0,B,-1.2142,5.13,stop,B/C,B/C
V2,L-2022-07-16 03:59-54,2022-07-16 04:00,2022,DEV,-0.728761,-0.418419,64.931507,0.077338,0.012344,0.034213,0,0,1,1,0,0,0,0,B,-1.0972,0.08,stop,B/C,B/C
V2,L-2022-07-21 03:59-55,2022-07-21 04:00,2022,DEV,-0.531915,-0.341284,22.191781,0.121589,0.015048,0.310262,0,0,0,1,1,1,0,0,B,-1.0797,0.00,stop,B/C,B/C
V2,L-2022-09-15 03:59-56,2022-09-15 14:35,2022,DEV,-0.438947,-0.336104,71.232877,0.008774,0.015173,0.837950,0,0,1,0,1,2,0,0,B,-1.0791,0.03,stop,B/C,B/C
V2,L-2022-09-27 23:59-57,2022-09-28 00:00,2022,DEV,-0.075433,-0.329300,55.068493,-0.055778,0.019972,0.612809,0,0,1,0,2,2,0,0,B,-1.0601,0.10,stop,B/C,B/C
V2,L-2023-01-12 11:59-58,2023-01-12 13:30,2023,TEST,-0.089798,-0.076255,4.383562,0.080991,0.010341,-0.022983,0,0,0,1,0,0,0,0,B,18.2900,29.44,dexit,B/C,B/C
V2,L-2023-02-16 11:59-59,2023-02-16 12:10,2023,TEST,0.166605,0.241513,35.342466,0.024613,0.010577,-0.027900,1,1,0,1,0,0,0,0,B,-0.6351,0.43,stop,B/C,B/C
V2,L-2023-02-19 07:59-60,2023-02-19 08:00,2023,TEST,0.336080,0.247847,42.191781,0.054440,0.010256,0.200112,1,1,0,1,0,0,0,0,B,-0.7761,0.42,stop,A,B/C
V2,L-2023-03-14 23:59-61,2023-03-15 00:00,2023,TEST,0.366193,0.251768,67.945205,0.063974,0.023021,0.274382,1,1,1,1,2,1,0,0,B,-1.0608,0.68,stop,B/C,B/C
V2,L-2023-03-18 03:59-62,2023-03-18 16:30,2023,TEST,0.486808,0.346725,69.041096,0.203345,0.019140,0.274796,1,1,1,2,2,1,0,0,B,2.4696,33.31,dexit,A,B/C
V2,L-2023-04-27 11:59-63,2023-04-27 12:35,2023,TEST,0.293603,0.330791,20.000000,-0.050532,0.013367,0.439341,1,1,0,0,1,1,0,0,B,-1.1721,3.72,stop,B/C,B/C
V2,L-2023-06-23 23:59-64,2023-06-24 15:30,2023,TEST,0.234002,0.256115,44.657534,0.147581,0.017769,0.337477,1,1,0,1,2,1,0,0,B,-1.1688,5.93,stop,B/C,B/C
V2,L-2023-10-20 19:59-65,2023-10-21 02:35,2023,TEST,-0.023680,0.051761,21.917808,0.060364,0.011428,0.236074,0,1,0,1,0,0,0,0,B,36.5122,83.81,v,A,B/C
V2,L-2024-03-03 23:59-66,2024-03-04 00:45,2024,TEST,0.514922,0.665359,68.219178,0.191054,0.011307,0.191259,1,2,1,2,0,0,0,0,B,2.3523,1.79,stop,A,A
V2,L-2024-03-10 11:59-67,2024-03-10 14:40,2024,TEST,0.593809,0.779978,91.232877,0.281198,0.011753,0.164464,2,2,2,2,0,0,0,0,B,-1.1191,0.43,stop,A,B/C
V2,L-2024-04-07 23:59-68,2024-04-08 00:00,2024,TEST,0.500054,0.550266,94.794521,0.031494,0.010988,0.055045,1,1,2,1,0,0,0,0,B,0.0717,1.62,stop,B/C,B/C
V2,L-2024-04-13 23:59-69,2024-04-14 00:00,2024,TEST,0.370085,0.409400,95.616438,-0.084806,0.020497,1.032260,1,1,2,0,2,2,0,0,B,-0.5601,0.00,v,B/C,B/C
V2,L-2024-05-16 03:59-70,2024-05-16 15:00,2024,TEST,0.438376,0.269136,84.109589,0.126063,0.012986,0.170906,1,1,2,1,0,0,0,0,B,2.2269,4.17,tp,B/C,B/C
V2,L-2024-08-28 19:59-71,2024-08-29 00:00,2024,TEST,-0.190822,-0.070908,91.780822,0.005972,0.012826,0.808652,0,0,2,0,0,2,0,0,B,-1.1247,1.63,stop,B/C,B/C
V2,L-2024-10-15 03:59-72,2024-10-15 04:00,2024,TEST,0.126524,0.040071,14.794521,0.042605,0.009699,0.079191,1,1,0,1,0,0,0,0,B,-1.1237,0.07,stop,B/C,B/C
V2,L-2024-11-07 03:59-73,2024-11-07 04:05,2024,TEST,0.123612,0.178439,40.821918,0.125351,0.013050,0.156295,1,1,0,1,0,0,0,0,B,10.3474,28.77,v,B/C,B/C
V2,L-2025-01-31 23:59-74,2025-02-01 00:00,2025,TEST,0.429441,0.331672,27.397260,-0.015960,0.013850,0.370044,1,1,0,0,1,1,0,0,B,-1.0939,0.38,stop,B/C,B/C
V2,L-2025-04-02 23:59-75,2025-04-03 00:00,2025,TEST,-0.139633,-0.007259,62.465753,-0.051140,0.017070,0.391645,0,1,1,0,2,1,0,0,B,-1.0703,0.00,stop,B/C,B/C
V2,L-2025-04-12 23:59-76,2025-04-13 08:05,2025,TEST,-0.128651,-0.034081,75.068493,0.031306,0.012765,-0.000060,0,1,1,1,0,0,0,0,B,-1.1018,0.49,stop,B/C,B/C
V2,L-2025-06-10 03:59-77,2025-06-10 14:30,2025,TEST,0.247771,0.139214,6.301370,0.007540,0.012250,0.185693,1,1,0,0,0,0,0,0,B,-0.7569,1.83,stop,B/C,B/C
V2,L-2025-08-12 23:59-78,2025-08-13 02:15,2025,TEST,0.242365,0.192654,0.547945,0.018341,0.010010,0.308450,1,1,0,0,0,1,0,0,B,2.0356,0.85,tp,B/C,B/C
V2,L-2025-12-03 11:59-79,2025-12-03 14:00,2025,TEST,-0.217838,-0.160561,81.095890,-0.018270,0.013576,0.040285,0,0,2,0,1,0,0,0,B,-1.1326,1.98,stop,B/C,B/C
V2,L-2026-01-08 11:59-80,2026-01-08 12:00,2026,TEST,-0.224078,-0.152583,13.150685,0.041280,0.010012,0.436434,0,0,0,1,0,1,0,0,B,-1.1199,0.12,stop,B/C,B/C
V2,L-2026-08-21 23:59-81,2026-08-22 05:10,2026,TEST,-0.012377,0.116629,69.863014,0.187828,0.013691,0.158984,0,1,1,2,1,0,0,0,B,-1.1096,1.00,stop,A,B/C
V2,L-2026-08-25 03:59-82,2026-08-25 09:50,2026,TEST,0.010751,0.148210,66.027397,0.210942,0.014295,0.090672,1,1,1,2,1,0,0,0,B,-1.0839,0.17,stop,A,A
V3,L-2020-01-07 15:59-1,2020-01-07 16:00,2020,DEV,-0.055264,-0.145573,35.342466,0.058512,0.010245,-0.095343,1,0,0,1,0,0,0,0,B,-1.1171,0.00,stop,,
V3,L-2020-01-12 03:59-2,2020-01-12 04:00,2020,DEV,-0.025112,-0.115605,48.493151,0.091857,0.014361,0.309618,1,0,0,1,1,1,0,0,B,4.9312,38.74,v,,
V3,L-2020-03-20 11:59-3,2020-03-20 18:25,2020,DEV,-0.158965,-0.258798,100.000000,-0.384820,0.038075,0.084010,0,0,2,0,2,0,0,0,B,-1.0315,0.07,stop,,
V3,L-2020-03-22 07:59-4,2020-03-22 10:35,2020,DEV,-0.151367,-0.267501,99.452055,-0.362104,0.018790,0.442650,0,0,2,0,2,1,0,0,B,-1.0639,0.06,stop,,
V3,L-2020-04-07 11:59-5,2020-04-07 12:30,2020,DEV,0.001879,-0.102000,100.000000,0.125202,0.012998,0.075225,1,0,2,2,1,0,0,0,B,-1.0932,0.32,stop,,
V3,L-2020-04-08 23:59-6,2020-04-09 03:30,2020,DEV,0.015784,-0.103121,97.808219,0.097501,0.012399,0.286813,1,0,2,1,0,1,0,0,B,-1.0887,0.35,stop,,
V3,L-2020-04-26 03:59-7,2020-04-26 15:10,2020,DEV,-0.145575,-0.058230,58.082192,0.091888,0.009447,0.274586,0,1,1,1,0,1,0,0,B,5.3184,13.38,v,,
V3,L-2020-05-23 23:59-8,2020-05-24 00:05,2020,DEV,-0.108354,0.136231,66.849315,-0.038496,0.010316,0.569074,0,1,1,0,0,2,0,0,B,-1.1240,0.58,stop,,
V3,L-2020-06-03 15:59-9,2020-06-04 11:30,2020,DEV,0.001046,0.172610,71.232877,0.016145,0.012482,0.785651,1,1,1,0,0,2,0,0,B,0.9800,3.04,stop,,
V3,L-2020-08-02 23:59-10,2020-08-03 00:00,2020,DEV,0.388791,0.267645,21.917808,0.184181,0.014136,0.491666,1,1,0,2,1,2,0,0,B,0.9443,1.56,stop,,
V3,L-2020-09-01 19:59-11,2020-09-02 00:30,2020,DEV,0.312725,0.313776,7.397260,-0.001931,0.010904,0.154796,1,1,0,0,0,0,0,0,B,-1.1101,0.26,stop,,
V3,L-2020-09-29 03:59-12,2020-09-29 04:00,2020,DEV,0.133548,0.154200,53.424658,0.002279,0.011698,0.281949,1,1,1,0,0,1,0,0,B,-1.1688,2.51,stop,,
V3,L-2020-10-28 03:59-13,2020-10-28 07:10,2020,DEV,0.392546,0.357066,8.767123,0.177311,0.012026,-0.195610,1,1,0,2,0,0,0,0,B,-1.1081,0.17,stop,,
V3,L-2020-11-07 23:59-14,2020-11-08 00:00,2020,DEV,0.288953,0.417362,35.890411,0.122356,0.019756,0.619473,1,2,0,2,2,2,0,0,B,1.0417,1.68,stop,,
V3,L-2020-12-04 07:59-15,2020-12-04 10:05,2020,DEV,0.539970,0.663041,81.095890,0.087044,0.011136,0.326320,2,2,2,1,0,1,0,0,B,-1.1078,0.01,stop,,
V3,L-2020-12-28 07:59-16,2020-12-29 04:05,2020,DEV,0.893573,1.007586,72.328767,0.340061,0.019764,0.543070,2,2,1,2,2,2,0,0,B,5.0647,4.52,tp,,
V3,L-2021-01-03 15:59-17,2021-01-03 16:45,2021,DEV,1.097661,1.435485,71.232877,0.300700,0.022129,-1.319383,2,2,1,2,2,0,0,0,B,-1.1284,0.61,stop,,
V3,L-2021-01-09 03:59-18,2021-01-09 05:55,2021,DEV,1.325968,1.733670,70.684932,0.496037,0.020283,0.301672,2,2,1,2,2,1,0,0,B,1.0404,1.23,stop,,
V3,L-2021-01-14 23:59-19,2021-01-15 04:15,2021,DEV,1.306438,1.521947,89.863014,0.302601,0.020080,0.217857,2,2,2,2,2,0,0,0,B,-1.0598,0.08,stop,,
V3,L-2021-01-26 03:59-20,2021-01-26 04:00,2021,DEV,1.043532,0.949818,90.410959,-0.093190,0.017453,0.624901,2,2,2,0,2,2,0,0,B,-1.0688,0.00,stop,,
V3,L-2021-02-09 15:59-21,2021-02-09 16:10,2021,DEV,1.212742,1.511512,91.780822,0.363109,0.018472,0.039611,2,2,2,2,2,0,0,0,B,-1.2272,0.85,stop,,
V3,L-2021-02-10 19:59-22,2021-02-11 00:10,2021,DEV,1.196037,1.366479,91.232877,0.389049,0.021368,0.349704,2,2,2,2,2,1,0,0,B,2.9338,12.19,v,,
V3,L-2021-03-05 23:59-23,2021-03-06 12:10,2021,DEV,0.957195,1.050378,82.739726,-0.136931,0.018624,0.963416,2,2,2,0,2,2,0,0,B,0.0079,0.03,v,,
V3,L-2021-03-15 23:59-24,2021-03-16 00:00,2021,DEV,1.066096,1.190157,75.616438,0.114547,0.014059,1.067724,2,2,1,1,1,2,0,0,B,0.1602,0.00,v,,
V3,L-2021-03-20 11:59-25,2021-03-20 20:20,2021,DEV,1.140961,1.216279,75.616438,0.174220,0.012058,0.286079,2,2,1,2,0,1,0,0,B,-1.1255,0.26,stop,,
V3,L-2021-04-19 19:59-26,2021-04-20 00:20,2021,DEV,0.327697,0.635451,45.753425,-0.060959,0.018843,0.566887,1,2,0,0,2,2,0,0,B,-1.0637,0.09,stop,,
V3,L-2021-05-01 07:59-27,2021-05-01 15:25,2021,DEV,0.486520,0.585652,60.273973,-0.061190,0.014376,-0.087905,2,2,1,0,1,0,0,0,B,-1.1171,0.53,stop,,
V3,L-2021-05-02 15:59-28,2021-05-03 00:00,2021,DEV,0.540779,0.551020,60.821918,0.007597,0.011202,0.347600,2,2,1,0,0,1,0,0,B,0.9717,0.86,stop,,
V3,L-2021-05-11 11:59-29,2021-05-12 16:15,2021,DEV,0.537924,0.432042,73.698630,0.029695,0.013331,0.719280,2,2,1,1,1,2,0,0,B,-1.0900,0.09,stop,,
V3,L-2021-05-27 15:59-30,2021-05-28 00:05,2021,DEV,-0.243103,-0.064787,98.904110,-0.253984,0.025989,0.624687,0,1,2,0,2,2,0,0,B,-1.0462,0.24,stop,,
V3,L-2021-06-02 23:59-31,2021-06-03 00:00,2021,DEV,-0.364436,-0.093985,98.904110,0.023664,0.013085,0.191650,0,0,2,1,1,0,0,0,B,1.0038,1.09,stop,,
V3,L-2021-06-16 23:59-32,2021-06-17 00:00,2021,DEV,-0.311704,-0.092618,98.082192,0.020558,0.014671,0.387346,0,1,2,1,1,1,0,0,B,-1.0954,0.72,stop,,
V3,L-2021-07-04 15:59-33,2021-07-05 00:00,2021,DEV,-0.444298,-0.206532,75.890411,-0.008849,0.013099,0.309328,0,0,2,0,1,1,0,0,B,-1.0916,0.07,stop,,
V3,L-2021-08-02 03:59-34,2021-08-02 04:00,2021,DEV,-0.249268,-0.105826,37.808219,0.226216,0.018709,0.611016,0,0,0,2,2,2,0,0,B,-1.0695,0.34,stop,,
V3,L-2021-08-21 23:59-35,2021-08-22 00:00,2021,DEV,-0.017242,0.069483,39.726027,0.091060,0.012510,0.080838,1,1,0,1,0,0,0,0,B,-1.1039,0.62,stop,,
V3,L-2021-09-03 19:59-36,2021-09-03 22:10,2021,DEV,0.250746,0.082718,29.315068,0.051800,0.014494,0.135381,1,1,0,1,1,0,0,0,B,1.7836,3.68,stop,,
V3,L-2021-09-25 15:59-37,2021-09-26 02:10,2021,DEV,0.113481,-0.077716,60.273973,-0.057004,0.013364,0.692256,1,1,1,0,1,2,0,0,B,-1.0898,0.23,stop,,
V3,L-2021-10-07 19:59-38,2021-10-07 22:20,2021,DEV,0.472233,0.197176,71.232877,0.239281,0.012001,-0.691578,1,1,1,2,0,0,0,0,B,1.0696,0.94,stop,,
V3,L-2021-10-08 15:59-39,2021-10-09 00:00,2021,DEV,0.431451,0.209986,58.904110,0.231299,0.017058,0.294783,1,1,1,2,2,1,0,0,B,0.9727,1.89,stop,,
V3,L-2021-10-18 07:59-40,2021-10-18 13:05,2021,DEV,0.598569,0.330050,61.369863,0.244138,0.021482,0.437173,2,1,1,2,2,1,0,0,B,2.4861,4.14,stop,,
V3,L-2021-10-29 23:59-41,2021-10-30 05:00,2021,DEV,0.660976,0.357804,39.726027,0.009381,0.014841,0.289718,2,1,0,0,1,1,0,0,B,-1.1682,1.16,stop,,
V3,L-2021-11-11 07:59-42,2021-11-12 13:20,2021,DEV,0.527888,0.384677,7.397260,0.067011,0.017172,0.922712,2,2,0,1,2,2,0,0,B,-0.0865,0.12,v,,
V3,L-2022-01-29 23:59-43,2022-01-30 00:40,2022,DEV,-0.488278,-0.227201,5.479452,-0.121191,0.015333,0.311841,0,0,0,0,1,1,0,0,B,-1.0966,1.00,stop,,
V3,L-2022-02-11 23:59-44,2022-02-12 00:00,2022,DEV,-0.394962,-0.137229,43.835616,0.116429,0.015379,0.369133,0,0,0,1,1,1,0,0,B,-1.0780,0.28,stop,,
V3,L-2022-03-04 07:59-45,2022-03-04 08:00,2022,DEV,-0.304081,-0.155064,78.082192,0.046732,0.014342,0.461623,0,0,2,1,1,2,0,0,B,-1.0837,0.02,stop,,
V3,L-2022-04-12 23:59-46,2022-04-13 01:15,2022,DEV,-0.165467,-0.177451,3.287671,-0.168605,0.012982,0.866909,0,0,0,0,0,2,0,0,B,1.0104,1.74,stop,,
V3,L-2022-05-31 19:59-47,2022-05-31 20:05,2022,DEV,-0.233461,-0.261429,83.561644,0.060407,0.014958,0.147767,0,0,2,1,1,0,0,0,B,-1.0936,0.77,stop,,
V3,L-2022-06-02 11:59-48,2022-06-02 13:10,2022,DEV,-0.216434,-0.297937,86.575342,0.037273,0.010963,0.837220,0,0,2,1,0,2,0,0,B,1.0185,0.89,stop,,
V3,L-2022-07-16 03:59-49,2022-07-16 04:00,2022,DEV,-0.728761,-0.418733,64.931507,0.077338,0.012514,0.039877,0,0,1,1,0,0,0,0,B,-1.0959,0.08,stop,,
V3,L-2022-07-21 03:59-50,2022-07-21 04:00,2022,DEV,-0.531915,-0.341153,22.191781,0.121589,0.014977,0.308949,0,0,0,1,1,1,0,0,B,-1.0801,0.00,stop,,
V3,L-2022-09-15 03:59-51,2022-09-15 14:35,2022,DEV,-0.438947,-0.336626,71.232877,0.008774,0.015283,0.842405,0,0,1,0,1,2,0,0,B,-1.0785,0.03,stop,,
V3,L-2022-09-28 07:59-52,2022-09-28 08:40,2022,DEV,-0.075433,-0.344890,55.068493,-0.055778,0.015651,0.832048,0,0,1,0,2,2,0,0,B,2.2892,15.08,stop,,
V3,L-2023-01-12 11:59-53,2023-01-12 13:30,2023,TEST,-0.089798,-0.076548,4.383562,0.080991,0.010295,-0.019707,0,1,0,1,0,0,0,0,B,10.1398,29.44,dexit,,
V3,L-2023-02-16 11:59-54,2023-02-16 12:10,2023,TEST,0.166605,0.241940,35.342466,0.024613,0.010574,-0.030675,1,1,0,1,0,0,0,0,B,1.1007,0.35,stop,,
V3,L-2023-02-19 15:59-55,2023-02-19 16:50,2023,TEST,0.336080,0.253575,42.191781,0.054440,0.011281,0.164845,1,1,0,1,0,0,0,0,B,-1.1064,0.01,stop,,
V3,L-2023-03-14 23:59-56,2023-03-15 00:00,2023,TEST,0.366193,0.252423,67.945205,0.063974,0.023149,0.272266,1,1,1,1,2,0,0,0,B,-1.0718,0.68,stop,,
V3,L-2023-03-18 03:59-57,2023-03-18 16:30,2023,TEST,0.486808,0.346262,69.041096,0.203345,0.019325,0.277173,2,1,1,2,2,1,0,0,B,0.9859,4.14,stop,,
V3,L-2023-03-22 23:59-58,2023-03-23 00:00,2023,TEST,0.459608,0.360806,69.315068,0.227526,0.025516,0.330003,1,2,1,2,2,1,0,0,B,1.0004,1.89,stop,,
V3,L-2023-03-30 03:59-59,2023-03-30 04:00,2023,TEST,0.544928,0.402988,73.424658,0.154692,0.014791,0.090564,2,2,1,2,1,0,0,0,B,-1.0857,0.51,stop,,
V3,L-2023-04-27 11:59-60,2023-04-27 12:35,2023,TEST,0.293603,0.330240,20.000000,-0.050532,0.013429,0.443181,1,1,0,0,1,2,0,0,B,0.9935,3.55,stop,,
V3,L-2023-06-23 23:59-61,2023-06-24 15:30,2023,TEST,0.234002,0.255882,44.657534,0.147581,0.017914,0.339246,1,1,0,2,2,1,0,0,B,-1.1361,4.17,stop,,
V3,L-2023-10-20 19:59-62,2023-10-21 02:35,2023,TEST,-0.023680,0.051311,21.917808,0.060364,0.011457,0.240144,1,1,0,1,0,0,0,0,B,18.7488,83.81,v,,
V3,L-2024-03-03 23:59-63,2024-03-04 00:45,2024,TEST,0.514922,0.667305,68.219178,0.191054,0.011431,0.180826,2,2,1,2,0,0,0,0,B,3.4856,1.79,stop,,
V3,L-2024-03-10 11:59-64,2024-03-10 14:40,2024,TEST,0.593809,0.781904,91.232877,0.281198,0.011917,0.154140,2,2,2,2,0,0,0,0,B,-1.1762,0.43,stop,,
V3,L-2024-04-07 23:59-65,2024-04-08 00:00,2024,TEST,0.500054,0.551169,94.794521,0.031494,0.011111,0.047270,2,2,2,1,0,0,0,0,B,1.4287,1.34,stop,,
V3,L-2024-04-13 23:59-66,2024-04-14 00:00,2024,TEST,0.370085,0.405826,95.616438,-0.084806,0.021396,1.059054,1,2,2,0,2,2,0,0,B,-0.4164,0.00,v,,
V3,L-2024-05-16 03:59-67,2024-05-16 15:00,2024,TEST,0.438376,0.268462,84.109589,0.126063,0.013049,0.176453,1,1,2,2,1,0,0,0,B,2.1281,4.18,tp,,
V3,L-2024-08-28 19:59-68,2024-08-29 00:00,2024,TEST,-0.190822,-0.071536,91.780822,0.005972,0.012887,0.816351,0,1,2,0,0,2,0,0,B,1.0166,0.78,stop,,
V3,L-2024-10-15 07:59-69,2024-10-15 08:00,2024,TEST,0.126524,0.037448,14.794521,0.042605,0.009606,0.101199,1,1,0,1,0,0,0,0,B,1.5869,0.28,stop,,
V3,L-2024-11-07 03:59-70,2024-11-07 04:05,2024,TEST,0.123612,0.178327,40.821918,0.125351,0.013162,0.157041,1,1,0,2,1,0,0,0,B,5.9868,28.77,v,,
V3,L-2025-01-31 23:59-71,2025-02-01 00:00,2025,TEST,0.429441,0.331340,27.397260,-0.015960,0.013817,0.373007,1,1,0,0,1,1,0,0,B,-1.0907,0.37,stop,,
V3,L-2025-04-02 23:59-72,2025-04-03 00:00,2025,TEST,-0.139633,-0.007601,62.465753,-0.051140,0.017180,0.395740,0,1,1,0,2,1,0,0,B,-1.0698,0.00,stop,,
V3,L-2025-04-12 23:59-73,2025-04-13 08:10,2025,TEST,-0.128651,-0.034510,75.068493,0.031306,0.012828,0.003801,0,1,1,1,0,0,0,0,B,-1.1011,0.48,stop,,
V3,L-2025-06-10 03:59-74,2025-06-10 14:30,2025,TEST,0.247771,0.138938,6.301370,0.007540,0.012676,0.188287,1,1,0,0,0,0,0,0,B,-1.1258,1.83,stop,,
V3,L-2025-08-12 23:59-75,2025-08-13 02:15,2025,TEST,0.242365,0.192139,0.547945,0.018341,0.010004,0.313380,1,1,0,0,0,1,0,0,B,2.0155,0.85,tp,,
V3,L-2025-12-03 11:59-76,2025-12-03 14:00,2025,TEST,-0.217838,-0.160865,81.095890,-0.018270,0.013604,0.044207,0,0,2,0,1,0,0,0,B,-1.1028,1.98,stop,,
V3,L-2026-01-08 11:59-77,2026-01-08 12:00,2026,TEST,-0.224078,-0.153038,13.150685,0.041280,0.010075,0.441113,0,0,0,1,0,1,0,0,B,-1.1191,0.10,stop,,
V3,L-2026-08-21 23:59-78,2026-08-22 05:10,2026,TEST,-0.012377,0.116602,69.863014,0.187828,0.013651,0.159106,1,1,1,2,1,0,0,0,B,-1.1099,1.00,stop,,
V3,L-2026-08-25 03:59-79,2026-08-25 07:50,2026,TEST,0.010751,0.147553,66.027397,0.210942,0.014467,0.097185,1,1,1,2,1,0,0,0,B,-1.0899,0.25,stop,,
