idx,DMIN,R4,R_RATIO,ATR_MULT,TOL,n,cross_year,pf_2019,pf_2020,pf_2021,pf_2022,pf_2023,pf_2024,pf_2025,pf_2026,n_2019,n_2020,n_2021,n_2022,n_2023,n_2024,n_2025,n_2026,pf_2022_26,ret_2022_26_30x10
0,0.06,0.236,0.1,1.0,0.003,109,1,1.133,3.895,1.540,0.000,3.329,1.418,0.000,0.000,17,14,27,16,8,13,9,5,0.8027,-47.13
1,0.06,0.236,0.1,1.0,0.005,110,1,1.228,3.370,1.347,0.000,2.435,1.414,1.434,0.252,17,14,27,17,9,12,9,5,0.8548,-36.76
2,0.06,0.236,0.1,1.5,0.003,88,1,17.292,2.017,2.154,0.000,1.020,0.545,1.376,0.000,8,17,21,14,8,8,8,4,0.5032,-56.53
3,0.06,0.236,0.1,1.5,0.005,89,1,10.569,2.514,1.892,0.000,1.538,0.452,1.150,0.238,9,16,21,15,8,8,8,4,0.5573,-55.73
4,0.06,0.236,0.2,1.0,0.003,101,1,1.313,3.088,1.632,0.000,1.686,1.676,0.000,0.000,15,14,26,15,8,11,8,4,0.6129,-53.01
5,0.06,0.236,0.2,1.0,0.005,101,1,1.428,2.687,1.426,0.000,3.061,1.752,1.613,0.362,15,14,26,16,8,10,8,4,0.9830,-19.77
6,0.06,0.236,0.2,1.5,0.003,84,1,17.292,2.017,2.346,0.000,1.020,0.627,2.904,0.000,8,17,20,14,8,7,7,3,0.6870,-41.09
7,0.06,0.236,0.2,1.5,0.005,86,1,10.569,2.514,2.056,0.000,1.538,0.577,2.036,0.335,9,16,20,15,8,7,8,3,0.7243,-40.73
8,0.06,0.382,0.1,1.0,0.003,103,1,1.133,2.590,1.722,0.000,3.355,1.703,0.000,0.000,17,14,26,15,8,11,8,4,0.8285,-43.56
9,0.06,0.382,0.1,1.0,0.005,100,1,1.228,2.916,1.536,0.000,5.283,1.776,1.648,0.362,17,14,26,15,6,10,8,4,1.0402,-13.68
10,0.06,0.382,0.1,1.5,0.003,88,1,1.691,2.694,2.177,0.000,1.020,0.465,2.138,0.000,11,16,21,13,8,9,7,3,0.5300,-53.73
11,0.06,0.382,0.1,1.5,0.005,88,1,1.543,2.735,2.078,0.000,1.538,0.376,1.758,0.335,12,15,21,13,8,9,7,3,0.5970,-51.10
12,0.06,0.382,0.2,1.0,0.003,93,1,1.313,2.787,2.115,0.000,1.686,2.469,0.000,0.000,15,13,24,14,8,8,7,4,0.6176,-50.69
13,0.06,0.382,0.2,1.0,0.005,90,1,1.428,3.176,1.866,0.000,5.283,2.991,1.931,0.362,15,13,24,14,6,7,7,4,1.1750,2.90
14,0.06,0.382,0.2,1.5,0.003,85,1,1.691,2.694,2.373,0.000,1.020,0.525,5.499,0.000,11,16,20,13,8,8,6,3,0.7010,-40.14
15,0.06,0.382,0.2,1.5,0.005,85,1,1.543,2.735,2.270,0.000,1.538,0.462,4.647,0.335,12,15,20,13,8,8,6,3,0.7755,-35.16
16,0.08,0.236,0.1,1.0,0.003,82,2,0.628,4.236,0.633,0.000,8.654,3.830,0.282,0.000,10,15,24,8,8,8,6,3,2.3673,129.81
17,0.08,0.236,0.1,1.0,0.005,85,2,0.548,4.534,0.582,0.000,7.258,2.938,1.950,0.000,10,15,24,10,8,9,6,3,2.2213,145.83
18,0.08,0.236,0.1,1.5,0.003,73,2,6.882,2.294,1.514,0.000,7.718,2.106,1.047,1.258,5,17,20,7,9,6,6,3,2.6514,194.75
19,0.08,0.236,0.1,1.5,0.005,76,2,5.935,2.777,1.216,0.000,6.879,2.523,0.890,1.046,5,18,21,8,9,6,6,3,2.4016,157.29
20,0.08,0.236,0.2,1.0,0.003,77,2,0.676,3.378,0.633,0.000,3.842,6.902,0.000,2.364,9,14,24,6,9,7,6,2,2.1361,81.42
21,0.08,0.236,0.2,1.0,0.005,81,2,0.593,3.706,0.582,0.000,4.029,4.987,1.343,1.969,9,15,24,8,9,8,6,2,2.1967,122.16
22,0.08,0.236,0.2,1.5,0.003,72,2,6.882,2.294,1.514,0.000,4.991,2.106,1.038,2.670,5,17,20,6,10,6,6,2,2.2731,108.60
23,0.08,0.236,0.2,1.5,0.005,74,2,5.935,2.777,1.216,0.000,5.475,2.523,0.885,2.204,5,18,21,7,9,6,6,2,2.2335,107.40
24,0.08,0.382,0.1,1.0,0.003,72,2,0.628,4.005,0.685,0.238,11.134,2.962,0.289,0.000,10,12,23,7,7,6,6,1,2.7253,152.30
25,0.08,0.382,0.1,1.0,0.005,72,2,0.548,3.881,0.816,0.202,9.212,5.021,1.996,0.000,10,13,21,7,7,7,6,1,3.1156,271.87
26,0.08,0.382,0.1,1.5,0.003,68,2,0.000,3.028,1.372,0.289,7.698,3.937,1.148,9.990,6,15,21,6,9,4,6,1,3.3898,291.72
27,0.08,0.382,0.1,1.5,0.005,69,2,0.000,3.786,1.201,0.245,6.861,3.411,0.965,9.990,6,16,21,6,9,4,6,1,2.9774,236.26
28,0.08,0.382,0.2,1.0,0.003,71,2,0.676,3.437,0.685,0.260,4.725,2.667,0.106,9.990,9,12,23,6,8,6,6,1,2.0185,58.93
29,0.08,0.382,0.2,1.0,0.005,73,2,0.593,3.393,0.619,0.222,6.476,3.024,1.726,9.990,9,14,23,6,7,7,6,1,2.6431,168.52
30,0.08,0.382,0.2,1.5,0.003,69,2,0.000,3.028,1.372,0.289,4.974,3.937,1.130,9.990,6,15,21,6,10,4,6,1,2.6465,151.42
31,0.08,0.382,0.2,1.5,0.005,69,2,0.000,3.786,1.201,0.245,5.457,3.411,0.952,9.990,6,16,21,6,9,4,6,1,2.5251,142.67
32,0.1,0.236,0.1,1.0,0.003,57,1,1.125,8.205,0.809,0.000,0.000,0.000,0.000,9.990,9,12,15,7,5,5,3,1,0.0269,-54.29
33,0.1,0.236,0.1,1.0,0.005,57,1,0.985,8.528,0.756,0.000,0.000,0.000,0.000,9.990,9,12,15,7,5,5,3,1,0.0163,-60.70
34,0.1,0.236,0.1,1.5,0.003,42,1,9.919,8.961,1.092,0.000,0.177,4.195,0.000,9.990,3,10,11,6,5,3,3,1,0.6314,-27.04
35,0.1,0.236,0.1,1.5,0.005,45,1,9.220,9.566,2.048,0.000,0.123,3.642,0.000,9.990,3,11,13,6,5,3,3,1,0.5208,-35.62
36,0.1,0.236,0.2,1.0,0.003,52,1,1.125,8.903,0.776,0.000,0.000,7.079,0.000,0.000,9,11,15,5,5,3,3,1,0.9473,-18.50
37,0.1,0.236,0.2,1.0,0.005,52,1,0.985,9.372,0.728,0.000,0.000,6.311,0.000,0.000,9,11,15,5,5,3,3,1,0.8102,-27.56
38,0.1,0.236,0.2,1.5,0.003,41,1,9.919,8.961,1.078,0.000,0.169,4.195,0.000,9.990,3,10,11,5,5,3,3,1,0.6724,-24.00
39,0.1,0.236,0.2,1.5,0.005,44,1,9.220,9.566,2.027,0.000,0.118,3.642,0.000,9.990,3,11,13,5,5,3,3,1,0.5547,-32.48
40,0.1,0.382,0.1,1.0,0.003,55,1,1.125,9.467,0.800,0.418,0.521,0.501,0.000,0.000,9,10,15,7,5,5,3,1,0.3616,-40.10
41,0.1,0.382,0.1,1.0,0.005,56,1,0.985,8.188,0.748,0.344,0.418,0.603,0.000,0.000,9,11,15,7,5,5,3,1,0.3345,-45.93
42,0.1,0.382,0.1,1.5,0.003,47,1,0.337,9.816,0.933,0.464,0.144,4.195,0.000,9.990,7,10,12,6,5,3,3,1,0.8462,-15.69
43,0.1,0.382,0.1,1.5,0.005,49,1,0.294,10.663,2.280,0.385,0.095,6.561,0.000,9.990,7,11,13,6,5,3,3,1,0.8987,-13.97
44,0.1,0.382,0.2,1.0,0.003,53,1,1.125,10.316,0.777,0.580,0.505,0.486,0.251,0.000,9,10,15,5,5,5,3,1,0.4474,-32.62
45,0.1,0.382,0.2,1.0,0.005,54,1,0.985,8.955,0.728,0.481,0.418,0.596,0.164,0.000,9,11,15,5,5,5,3,1,0.4107,-37.87
46,0.1,0.382,0.2,1.5,0.003,46,1,0.324,9.816,0.923,0.561,0.137,4.195,0.000,9.990,7,10,12,5,5,3,3,1,0.8872,-13.26
47,0.1,0.382,0.2,1.5,0.005,48,1,0.283,10.663,2.280,0.467,0.091,6.561,0.000,9.990,7,11,13,5,5,3,3,1,0.9474,-10.95
48,0.12,0.236,0.1,1.0,0.003,31,0,78.708,0.956,1.224,4.710,2.281,0.000,0.000,0.000,2,6,12,3,3,2,2,1,1.6493,16.11
49,0.12,0.236,0.1,1.0,0.005,31,0,69.222,0.858,1.085,4.060,1.964,0.000,0.000,9.990,2,6,12,3,3,2,2,1,1.7955,23.11
50,0.12,0.236,0.1,1.5,0.003,26,0,84.454,11.054,3.181,3.637,0.000,2.173,0.000,0.000,2,3,10,3,3,2,2,1,1.0193,-6.00
51,0.12,0.236,0.1,1.5,0.005,26,0,74.085,10.205,2.882,3.169,0.000,1.907,0.000,9.990,2,3,10,3,3,2,2,1,1.1424,-0.47
52,0.12,0.236,0.2,1.0,0.003,30,0,78.708,0.909,1.183,4.666,1.706,0.000,0.000,0.000,2,6,12,3,3,2,1,1,1.5521,13.19
53,0.12,0.236,0.2,1.0,0.005,30,0,69.222,0.818,1.051,4.027,1.512,0.000,0.000,0.000,2,6,12,3,3,2,1,1,1.3607,6.80
54,0.12,0.236,0.2,1.5,0.003,26,0,84.454,11.054,3.181,3.637,0.000,2.173,0.000,0.000,2,3,10,3,3,2,2,1,0.9700,-8.36
55,0.12,0.236,0.2,1.5,0.005,26,0,74.085,10.205,2.882,3.169,0.000,1.907,0.000,0.000,2,3,10,3,3,2,2,1,0.8532,-14.31
56,0.12,0.382,0.1,1.0,0.003,35,0,0.309,0.911,1.200,4.534,0.000,0.000,0.000,0.000,7,6,12,3,3,2,1,1,0.9828,-7.63
57,0.12,0.382,0.1,1.0,0.005,35,0,0.267,0.821,1.065,3.915,0.000,0.000,0.000,0.000,7,6,12,3,3,2,1,1,0.8532,-13.08
58,0.12,0.382,0.1,1.5,0.003,28,0,0.000,11.054,3.156,3.637,0.000,2.173,0.000,0.000,5,3,10,3,3,2,1,1,1.1252,-1.58
59,0.12,0.382,0.1,1.5,0.005,28,0,0.000,10.205,2.862,3.169,0.000,1.907,0.000,0.000,5,3,10,3,3,2,1,1,0.9866,-7.39
60,0.12,0.382,0.2,1.0,0.003,34,0,0.309,0.868,1.160,4.534,0.000,0.000,0.000,0.000,7,6,12,3,3,2,0,1,0.9929,-7.32
61,0.12,0.382,0.2,1.0,0.005,34,0,0.267,0.785,1.033,3.915,0.000,0.000,0.000,0.000,7,6,12,3,3,2,0,1,0.8869,-11.59
62,0.12,0.382,0.2,1.5,0.003,28,0,0.000,11.054,3.156,3.637,0.000,2.173,0.000,0.000,5,3,10,3,3,2,1,1,1.0654,-4.05
63,0.12,0.382,0.2,1.5,0.005,28,0,0.000,10.205,2.862,3.169,0.000,1.907,0.000,0.000,5,3,10,3,3,2,1,1,0.9392,-9.73
