signal_id,symbol,side,D_arm_time,R_confirm_time,order_create_time,expected_entry,actual_entry,actual_entry_time,ENTRY_R_LOW,ENTRY_R_HIGH,ENTRY_R_SIZE,structural_stop,stop_time,partial_exit_times,final_exit_time,exit_reason,r_net,pm_margin_pct,fee,funding,funding_events,mae,mfe,hold_h,age_bars,atr_idx,atr_end_time,decision_time,fills,event_sequence
S-2019-12-15 03:59-1,BTCUSDT,SHORT,2019-12-15 00:00,2019-12-15 03:59,2019-12-15 04:00,7054.01,7054.01,2019-12-15 04:00,7097.00,7004.77,92.23,7118.29,2019-12-15 07:09,,2019-12-15 07:09,stop,-0.010313,-10.313,0.000700,0.000000,,-0.00911,0.00298,3.17,1,584,2019-12-15 03:59,2019-12-15 04:00,stop@2019-12-15 07:09:7118.29:1.000,2019-12-15 04:00|FILL|7054.01|1.000;2019-12-15 07:09|EXIT_STOP|7118.29|1.000
S-2019-12-20 23:59-2,BTCUSDT,SHORT,2019-12-20 00:00,2019-12-20 23:59,2019-12-21 00:00,7172.59,7172.59,2019-12-21 00:00,7230.00,7078.17,151.83,7251.69,2019-12-22 16:09,,2019-12-22 16:09,stop,-0.011813,-11.813,0.000700,-0.000416,2019-12-21 08:00:-0.000100;2019-12-21 16:00:-0.000100;2019-12-22 00:00:-0.000100;2019-12-22 08:00:-0.000100;2019-12-22 16:00:-0.000016,-0.01103,0.00900,40.17,1,619,2019-12-20 23:59,2019-12-21 00:00,stop@2019-12-22 16:09:7251.69:1.000,2019-12-21 00:00|FILL|7172.59|1.000;2019-12-22 16:09|EXIT_STOP|7251.69|1.000
L-2020-01-07 15:59-3,BTCUSDT,LONG,2020-01-07 00:00,2020-01-07 15:59,2020-01-07 16:00,7883.47,7883.47,2020-01-07 16:00,7826.18,7969.00,142.82,7802.70,2020-01-07 16:04,,2020-01-07 16:04,stop,-0.011445,-11.445,0.000700,0.000000,,-0.01024,0.00000,0.08,1,725,2020-01-07 15:59,2020-01-07 16:00,stop@2020-01-07 16:04:7802.70:1.000,2020-01-07 16:00|FILL|7883.47|1.000;2020-01-07 16:04|EXIT_STOP|7802.70|1.000
L-2020-01-12 03:59-4,BTCUSDT,LONG,2020-01-12 00:00,2020-01-12 03:59,2020-01-12 04:00,8096.13,8096.13,2020-01-12 04:00,8003.87,8292.19,288.32,7979.86,,2020-01-14 01:04,2020-02-19 21:50,v,0.070819,70.819,0.000550,0.026950,2020-01-12 08:00:+0.000100;2020-01-12 16:00:+0.000100;2020-01-13 00:00:+0.000100;2020-01-13 08:00:+0.000100;2020-01-13 16:00:+0.000100;2020-01-14 00:00:+0.000100;2020-01-14 08:00:+0.000130;2020-01-14 16:00:+0.000050;2020-01-15 00:00:+0.000247;2020-01-15 08:00:+0.000097;2020-01-15 16:00:+0.000050;2020-01-16 00:00:+0.000050;2020-01-16 08:00:+0.000206;2020-01-16 16:00:+0.000157;2020-01-17 00:00:+0.000050;2020-01-17 08:00:+0.000075;2020-01-17 16:00:+0.000284;2020-01-18 00:00:+0.000050;2020-01-18 08:00:+0.000146;2020-01-18 16:00:+0.000160;2020-01-19 00:00:+0.000100;2020-01-19 08:00:+0.000197;2020-01-19 16:00:+0.000462;2020-01-20 00:00:+0.000149;2020-01-20 08:00:+0.000050;2020-01-20 16:00:+0.000054;2020-01-21 00:00:+0.000060;2020-01-21 08:00:+0.000077;2020-01-21 16:00:+0.000079;2020-01-22 00:00:+0.000050;2020-01-22 08:00:+0.000107;2020-01-22 16:00:+0.000050;2020-01-23 00:00:+0.000050;2020-01-23 08:00:+0.000050;2020-01-23 16:00:+0.000262;2020-01-24 00:00:+0.000274;2020-01-24 08:00:+0.000211;2020-01-24 16:00:+0.000090;2020-01-25 00:00:+0.000050;2020-01-25 08:00:+0.000050;2020-01-25 16:00:+0.000050;2020-01-26 00:00:+0.000050;2020-01-26 08:00:+0.000050;2020-01-26 16:00:+0.000050;2020-01-27 00:00:+0.000050;2020-01-27 08:00:+0.000050;2020-01-27 16:00:+0.000050;2020-01-28 00:00:+0.000050;2020-01-28 08:00:+0.000343;2020-01-28 16:00:+0.000272;2020-01-29 00:00:+0.000312;2020-01-29 08:00:+0.000541;2020-01-29 16:00:+0.000268;2020-01-30 00:00:+0.000118;2020-01-30 08:00:+0.000124;2020-01-30 16:00:+0.000174;2020-01-31 00:00:+0.000268;2020-01-31 08:00:+0.000386;2020-01-31 16:00:+0.000199;2020-02-01 00:00:+0.000375;2020-02-01 08:00:+0.000328;2020-02-01 16:00:+0.000245;2020-02-02 00:00:+0.000141;2020-02-02 08:00:+0.000175;2020-02-02 16:00:+0.000328;2020-02-03 00:00:+0.000303;2020-02-03 08:00:+0.000179;2020-02-03 16:00:+0.000050;2020-02-04 00:00:+0.000496;2020-02-04 08:00:+0.000272;2020-02-04 16:00:+0.000191;2020-02-05 00:00:+0.000050;2020-02-05 08:00:+0.000050;2020-02-05 16:00:+0.000263;2020-02-06 00:00:+0.000820;2020-02-06 08:00:+0.000391;2020-02-06 16:00:+0.000278;2020-02-07 00:00:+0.000178;2020-02-07 08:00:+0.000099;2020-02-07 16:00:+0.000173;2020-02-08 00:00:+0.000200;2020-02-08 08:00:+0.000314;2020-02-08 16:00:+0.000497;2020-02-09 00:00:+0.000214;2020-02-09 08:00:+0.000408;2020-02-09 16:00:+0.000570;2020-02-10 00:00:+0.000534;2020-02-10 08:00:+0.000625;2020-02-10 16:00:+0.000490;2020-02-11 00:00:+0.000220;2020-02-11 08:00:+0.000324;2020-02-11 16:00:+0.000251;2020-02-12 00:00:+0.001500;2020-02-12 08:00:+0.000540;2020-02-12 16:00:+0.000519;2020-02-13 00:00:+0.000468;2020-02-13 08:00:+0.000422;2020-02-13 16:00:+0.000352;2020-02-14 00:00:+0.000317;2020-02-14 08:00:+0.000372;2020-02-14 16:00:+0.000280;2020-02-15 00:00:+0.000296;2020-02-15 08:00:+0.000484;2020-02-15 16:00:+0.000437;2020-02-16 00:00:+0.000256;2020-02-16 08:00:+0.000185;2020-02-16 16:00:+0.000304;2020-02-17 00:00:+0.000216;2020-02-17 08:00:+0.000305;2020-02-17 16:00:+0.000455;2020-02-18 00:00:+0.000135;2020-02-18 08:00:+0.000070;2020-02-18 16:00:+0.000148;2020-02-19 00:00:+0.000232;2020-02-19 08:00:+0.000192;2020-02-19 16:00:+0.000204,-0.00523,0.30186,929.83,1,752,2020-01-12 03:59,2020-01-12 04:00,tp@2020-01-14 01:04:8328.67:0.500;v@2020-02-19 21:50:9455.59:0.500,2020-01-12 04:00|FILL|8096.13|1.000;2020-01-14 01:04|EXIT_TP|8328.67|0.500;2020-02-19 21:49|V_DETECT|9452.67|0.000;2020-02-19 21:50|EXIT_V|9455.59|0.500
S-2020-02-29 11:59-5,BTCUSDT,SHORT,2020-02-29 00:00,2020-02-29 11:59,2020-02-29 12:00,8729.47,8729.47,2020-03-01 12:00,8799.83,8613.00,186.83,8826.23,2020-03-02 09:44,2020-03-01 16:34,2020-03-02 09:44,stop,0.011738,11.738,0.000550,-0.000454,2020-03-01 16:00:-0.000310;2020-03-02 00:00:-0.000094;2020-03-02 08:00:-0.000050,-0.00375,0.03671,21.75,7,1048,2020-03-01 11:59,2020-03-01 12:00,tp@2020-03-01 16:34:8535.95:0.500;stop@2020-03-02 09:44:8712.01:0.500,2020-03-01 12:00|FILL|8729.47|1.000;2020-03-01 16:34|EXIT_TP|8535.95|0.500;2020-03-02 09:44|EXIT_STOP|8712.01|0.500
S-2020-03-11 07:59-6,BTCUSDT,SHORT,2020-03-11 00:00,2020-03-11 07:59,2020-03-11 08:00,7964.54,7964.54,2020-03-11 22:35,8041.41,7817.25,224.16,8065.53,,2020-03-12 01:54;2020-03-12 01:54;2020-03-12 01:59;2020-03-12 06:29,2020-03-12 10:19,tp,0.035940,35.940,0.000400,-0.000118,2020-03-12 00:00:-0.000106;2020-03-12 08:00:-0.000013,-0.00295,0.08773,11.75,4,1110,2020-03-11 19:59,2020-03-11 22:35,tp@2020-03-12 01:54:7762.56:0.500;tp@2020-03-12 01:54:7826.55:0.125;tp@2020-03-12 01:59:7719.63:0.125;tp@2020-03-12 06:29:7546.18:0.125;tp@2020-03-12 10:19:7265.82:0.125,2020-03-11 22:35|FILL|7964.54|1.000;2020-03-12 01:54|EXIT_TP|7762.56|0.500;2020-03-12 01:54|EXIT_TP|7826.55|0.125;2020-03-12 01:59|EXIT_TP|7719.63|0.125;2020-03-12 06:29|EXIT_TP|7546.18|0.125;2020-03-12 10:19|EXIT_TP|7265.82|0.125
S-2020-03-15 07:59-7,BTCUSDT,SHORT,2020-03-15 00:00,2020-03-15 07:59,2020-03-15 08:00,5519.81,5519.81,2020-03-15 12:15,5689.76,5040.00,649.76,5706.83,2020-03-15 21:54,,2020-03-15 21:54,stop,-0.035570,-35.570,0.000700,0.000488,2020-03-15 16:00:+0.000488,-0.03388,0.06345,9.67,2,1132,2020-03-15 11:59,2020-03-15 12:15,stop@2020-03-15 21:54:5706.83:1.000,2020-03-15 12:15|FILL|5519.81|1.000;2020-03-15 21:54|EXIT_STOP|5706.83|1.000
L-2020-03-20 11:59-8,BTCUSDT,LONG,2020-03-20 00:00,2020-03-20 11:59,2020-03-20 12:00,6275.79,6275.79,2020-03-20 18:25,6055.00,6911.00,856.00,6036.84,2020-03-20 20:09,,2020-03-20 20:09,stop,-0.039275,-39.275,0.000700,0.000000,,-0.03808,0.01395,1.75,2,1163,2020-03-20 15:59,2020-03-20 18:25,stop@2020-03-20 20:09:6036.84:1.000,2020-03-20 18:25|FILL|6275.79|1.000;2020-03-20 20:09|EXIT_STOP|6036.84|1.000
L-2020-03-22 07:59-9,BTCUSDT,LONG,2020-03-22 00:00,2020-03-22 07:59,2020-03-22 08:00,6170.75,6170.75,2020-03-22 10:35,6073.02,6408.91,335.89,6054.80,2020-03-22 12:04,,2020-03-22 12:04,stop,-0.019990,-19.990,0.000700,0.000000,,-0.01879,0.01911,1.50,1,1173,2020-03-22 07:59,2020-03-22 10:35,stop@2020-03-22 12:04:6054.80:1.000,2020-03-22 10:35|FILL|6170.75|1.000;2020-03-22 12:04|EXIT_STOP|6054.80|1.000
S-2020-03-24 15:59-10,BTCUSDT,SHORT,2020-03-25 00:00,2020-03-24 15:59,2020-03-25 00:00,6729.31,6729.31,2020-03-25 00:00,6840.00,6456.78,383.22,6860.52,,,2020-03-25 00:05,v,0.005620,5.620,0.000700,0.000000,,-0.00173,0.01434,0.08,3,1189,2020-03-24 23:59,2020-03-25 00:00,v@2020-03-25 00:05:6686.78:1.000,2020-03-25 00:00|FILL|6729.31|1.000;2020-03-25 00:04|V_DETECT|6600.00|0.000;2020-03-25 00:05|EXIT_V|6686.78|1.000
S-2020-03-30 03:59-11,BTCUSDT,SHORT,2020-03-30 00:00,2020-03-30 03:59,2020-03-30 04:00,6070.86,6070.86,2020-03-30 05:00,6163.00,5850.00,313.00,6181.49,2020-03-30 05:04,,2020-03-30 05:04,stop,-0.019422,-19.422,0.000700,0.000000,,-0.01822,0.00000,0.08,1,1220,2020-03-30 03:59,2020-03-30 05:00,stop@2020-03-30 05:04:6181.49:1.000,2020-03-30 05:00|FILL|6070.86|1.000;2020-03-30 05:04|EXIT_STOP|6181.49|1.000
S-2020-04-01 11:59-12,BTCUSDT,SHORT,2020-04-01 00:00,2020-04-01 11:59,2020-04-01 12:00,6364.16,6364.16,2020-04-01 20:45,6422.82,6255.40,167.42,6442.09,2020-04-01 22:24,,2020-04-01 22:24,stop,-0.013445,-13.445,0.000700,0.000000,,-0.01225,0.00959,1.67,3,1236,2020-04-01 19:59,2020-04-01 20:45,stop@2020-04-01 22:24:6442.09:1.000,2020-04-01 20:45|FILL|6364.16|1.000;2020-04-01 22:24|EXIT_STOP|6442.09|1.000
L-2020-04-07 11:59-13,BTCUSDT,LONG,2020-04-07 00:00,2020-04-07 11:59,2020-04-07 12:00,7294.65,7294.65,2020-04-07 12:30,7221.50,7439.00,217.50,7199.84,2020-04-07 20:04,,2020-04-07 20:04,stop,-0.014209,-14.209,0.000700,0.000011,2020-04-07 16:00:+0.000011,-0.01300,0.01436,7.58,1,1270,2020-04-07 11:59,2020-04-07 12:30,stop@2020-04-07 20:04:7199.84:1.000,2020-04-07 12:30|FILL|7294.65|1.000;2020-04-07 20:04|EXIT_STOP|7199.84|1.000
L-2020-04-08 23:59-14,BTCUSDT,LONG,2020-04-09 00:00,2020-04-08 23:59,2020-04-09 00:00,7260.44,7260.44,2020-04-09 03:30,7192.00,7390.00,198.00,7170.42,2020-04-09 11:59,,2020-04-09 11:59,stop,-0.013499,-13.499,0.000700,-0.000100,2020-04-09 08:00:-0.000100,-0.01240,0.01165,8.50,1,1279,2020-04-08 23:59,2020-04-09 03:30,stop@2020-04-09 11:59:7170.42:1.000,2020-04-09 03:30|FILL|7260.44|1.000;2020-04-09 11:59|EXIT_STOP|7170.42|1.000
S-2020-04-14 11:59-15,BTCUSDT,SHORT,2020-04-14 00:00,2020-04-14 11:59,2020-04-14 12:00,6856.85,6856.85,2020-04-14 13:05,6916.55,6751.00,165.55,6937.30,2020-04-14 14:09,,2020-04-14 14:09,stop,-0.012933,-12.933,0.000700,0.000000,,-0.01173,0.00160,1.08,1,1312,2020-04-14 11:59,2020-04-14 13:05,stop@2020-04-14 14:09:6937.30:1.000,2020-04-14 13:05|FILL|6856.85|1.000;2020-04-14 14:09|EXIT_STOP|6937.30|1.000
S-2020-04-17 03:59-16,BTCUSDT,SHORT,2020-04-18 00:00,2020-04-17 03:59,2020-04-18 00:00,7115.06,7115.06,2020-04-18 05:25,7190.92,6960.21,230.71,7212.49,2020-04-18 13:49,,2020-04-18 13:49,stop,-0.015065,-15.065,0.000700,0.000171,2020-04-18 08:00:+0.000171,-0.01369,0.00914,8.42,7,1334,2020-04-18 03:59,2020-04-18 05:25,stop@2020-04-18 13:49:7212.49:1.000,2020-04-18 05:25|FILL|7115.06|1.000;2020-04-18 13:49|EXIT_STOP|7212.49|1.000
L-2020-04-26 03:59-17,BTCUSDT,LONG,2020-04-26 00:00,2020-04-26 03:59,2020-04-26 04:00,7516.91,7516.91,2020-04-26 15:10,7468.30,7579.00,110.70,7445.90,,2020-04-26 23:29;2020-04-26 23:29;2020-04-29 02:09,2020-05-10 00:20,v,0.050244,50.244,0.000475,0.002207,2020-04-26 16:00:+0.000100;2020-04-27 00:00:+0.000038;2020-04-27 08:00:+0.000038;2020-04-27 16:00:+0.000038;2020-04-28 00:00:+0.000038;2020-04-28 08:00:+0.000038;2020-04-28 16:00:+0.000038;2020-04-29 00:00:+0.000038;2020-04-29 08:00:+0.000025;2020-04-29 16:00:+0.000025;2020-04-30 00:00:+0.000033;2020-04-30 08:00:+0.000244;2020-04-30 16:00:+0.000025;2020-05-01 00:00:+0.000053;2020-05-01 08:00:+0.000045;2020-05-01 16:00:+0.000034;2020-05-02 00:00:+0.000025;2020-05-02 08:00:+0.000025;2020-05-02 16:00:+0.000025;2020-05-03 00:00:+0.000025;2020-05-03 08:00:+0.000050;2020-05-03 16:00:+0.000038;2020-05-04 00:00:+0.000030;2020-05-04 08:00:+0.000025;2020-05-04 16:00:+0.000025;2020-05-05 00:00:+0.000025;2020-05-05 08:00:+0.000025;2020-05-05 16:00:+0.000025;2020-05-06 00:00:+0.000025;2020-05-06 08:00:+0.000025;2020-05-06 16:00:+0.000090;2020-05-07 00:00:+0.000025;2020-05-07 08:00:+0.000025;2020-05-07 16:00:+0.000025;2020-05-08 00:00:+0.000040;2020-05-08 08:00:+0.000085;2020-05-08 16:00:+0.000133;2020-05-09 00:00:+0.000105;2020-05-09 08:00:+0.000190;2020-05-09 16:00:+0.000145;2020-05-10 00:00:+0.000106,-0.00533,0.34098,321.17,3,1384,2020-04-26 11:59,2020-04-26 15:10,tp@2020-04-26 23:29:7658.94:0.500;tp@2020-04-26 23:29:7608.16:0.125;tp@2020-04-29 02:09:7802.81:0.125;v@2020-05-10 00:20:8635.63:0.250,2020-04-26 15:10|FILL|7516.91|1.000;2020-04-26 23:29|EXIT_TP|7658.94|0.500;2020-04-26 23:29|EXIT_TP|7608.16|0.125;2020-04-29 02:09|EXIT_TP|7802.81|0.125;2020-05-10 00:19|V_DETECT|9021.00|0.000;2020-05-10 00:20|EXIT_V|8635.63|0.250
L-2020-05-23 23:59-18,BTCUSDT,LONG,2020-05-23 00:00,2020-05-23 23:59,2020-05-24 00:00,9144.00,9144.00,2020-05-24 00:05,9076.90,9245.33,168.43,9049.67,2020-05-24 13:54,,2020-05-24 13:54,stop,-0.011595,-11.595,0.000700,0.000079,2020-05-24 08:00:+0.000079,-0.01032,0.01645,13.83,1,1549,2020-05-23 23:59,2020-05-24 00:05,stop@2020-05-24 13:54:9049.67:1.000,2020-05-24 00:05|FILL|9144.00|1.000;2020-05-24 13:54|EXIT_STOP|9049.67|1.000
L-2020-06-03 15:59-19,BTCUSDT,LONG,2020-06-04 00:00,2020-06-03 15:59,2020-06-04 00:00,9472.42,9472.42,2020-06-04 11:30,9382.33,9644.00,261.67,9354.18,2020-06-07 12:29,2020-06-04 13:24,2020-06-07 12:29,stop,0.012232,12.232,0.000550,0.000450,2020-06-04 16:00:+0.000050;2020-06-05 00:00:+0.000050;2020-06-05 08:00:+0.000050;2020-06-05 16:00:+0.000050;2020-06-06 00:00:+0.000050;2020-06-06 08:00:+0.000050;2020-06-06 16:00:+0.000050;2020-06-07 00:00:+0.000050;2020-06-07 08:00:+0.000050,-0.00342,0.04345,73.00,5,1617,2020-06-04 07:59,2020-06-04 11:30,tp@2020-06-04 13:24:9708.88:0.500;stop@2020-06-07 12:29:9491.36:0.500,2020-06-04 11:30|FILL|9472.42|1.000;2020-06-04 13:24|EXIT_TP|9708.88|0.500;2020-06-07 12:29|EXIT_STOP|9491.36|0.500
S-2020-06-16 07:59-20,BTCUSDT,SHORT,2020-06-16 00:00,2020-06-16 07:59,2020-06-16 08:00,9513.27,9513.27,2020-06-16 09:05,9595.00,9370.00,225.00,9623.78,2020-06-22 12:49,2020-06-17 19:59,2020-06-22 12:49,stop,0.012193,12.193,0.000550,-0.000377,2020-06-16 16:00:-0.000100;2020-06-17 00:00:-0.000078;2020-06-17 08:00:+0.000083;2020-06-17 16:00:-0.000075;2020-06-18 00:00:+0.000050;2020-06-18 08:00:+0.000058;2020-06-18 16:00:-0.000038;2020-06-19 00:00:+0.000001;2020-06-19 08:00:-0.000010;2020-06-19 16:00:-0.000050;2020-06-20 00:00:-0.000050;2020-06-20 08:00:-0.000006;2020-06-20 16:00:-0.000050;2020-06-21 00:00:+0.000015;2020-06-21 08:00:+0.000006;2020-06-21 16:00:-0.000050;2020-06-22 00:00:-0.000050;2020-06-22 08:00:-0.000034,-0.00785,0.03661,147.75,1,1689,2020-06-16 07:59,2020-06-16 09:05,tp@2020-06-17 19:59:9292.25:0.500;stop@2020-06-22 12:49:9494.25:0.500,2020-06-16 09:05|FILL|9513.27|1.000;2020-06-17 19:59|EXIT_TP|9292.25|0.500;2020-06-22 12:49|EXIT_STOP|9494.25|0.500
S-2020-06-28 03:59-21,BTCUSDT,SHORT,2020-06-28 00:00,2020-06-28 03:59,2020-06-28 04:00,9058.86,9058.86,2020-06-28 08:45,9147.00,8889.03,257.97,9174.44,2020-06-28 16:14,,2020-06-28 16:14,stop,-0.013910,-13.910,0.000700,-0.000049,2020-06-28 16:00:-0.000049,-0.01276,0.00482,7.50,2,1761,2020-06-28 07:59,2020-06-28 08:45,stop@2020-06-28 16:14:9174.44:1.000,2020-06-28 08:45|FILL|9058.86|1.000;2020-06-28 16:14|EXIT_STOP|9174.44|1.000
L-2020-08-02 23:59-22,BTCUSDT,LONG,2020-08-03 00:00,2020-08-02 23:59,2020-08-03 00:00,11038.72,11038.72,2020-08-03 00:00,10915.42,11297.98,382.56,10882.67,2020-08-04 13:19,2020-08-03 14:34,2020-08-04 13:19,stop,0.013350,13.350,0.000550,0.000987,2020-08-03 08:00:+0.000459;2020-08-03 16:00:+0.000219;2020-08-04 00:00:+0.000156;2020-08-04 08:00:+0.000153,-0.01048,0.04025,37.33,1,1975,2020-08-02 23:59,2020-08-03 00:00,tp@2020-08-03 14:34:11350.82:0.500;stop@2020-08-04 13:19:11060.80:0.500,2020-08-03 00:00|FILL|11038.72|1.000;2020-08-03 14:34|EXIT_TP|11350.82|0.500;2020-08-04 13:19|EXIT_STOP|11060.80|0.500
L-2020-09-01 19:59-23,BTCUSDT,LONG,2020-09-02 00:00,2020-09-01 19:59,2020-09-02 00:00,11906.39,11906.39,2020-09-02 00:30,11812.00,12061.07,249.07,11776.56,2020-09-02 06:39,,2020-09-02 06:39,stop,-0.012104,-12.104,0.000700,0.000000,,-0.01090,0.00329,6.17,2,2155,2020-09-01 23:59,2020-09-02 00:30,stop@2020-09-02 06:39:11776.56:1.000,2020-09-02 00:30|FILL|11906.39|1.000;2020-09-02 06:39|EXIT_STOP|11776.56|1.000
S-2020-09-06 03:59-24,BTCUSDT,SHORT,2020-09-06 00:00,2020-09-06 03:59,2020-09-06 04:00,10173.64,10173.64,2020-09-06 04:00,10302.19,9887.20,414.99,10333.10,2020-09-06 21:44,,2020-09-06 21:44,stop,-0.016674,-16.674,0.000700,-0.000200,2020-09-06 08:00:-0.000100;2020-09-06 16:00:-0.000100,-0.01567,0.01677,17.75,1,2180,2020-09-06 03:59,2020-09-06 04:00,stop@2020-09-06 21:44:10333.10:1.000,2020-09-06 04:00|FILL|10173.64|1.000;2020-09-06 21:44|EXIT_STOP|10333.10|1.000
L-2020-09-29 03:59-25,BTCUSDT,LONG,2020-09-29 00:00,2020-09-29 03:59,2020-09-29 04:00,10720.72,10720.72,2020-09-29 04:00,10627.19,10887.65,260.46,10595.31,2020-10-01 16:19,,2020-10-01 16:19,stop,-0.013673,-13.673,0.000700,0.000774,2020-09-29 08:00:+0.000100;2020-09-29 16:00:+0.000100;2020-09-30 00:00:+0.000100;2020-09-30 08:00:+0.000100;2020-09-30 16:00:+0.000100;2020-10-01 00:00:+0.000074;2020-10-01 08:00:+0.000100;2020-10-01 16:00:+0.000100,-0.01170,0.02000,60.33,1,2318,2020-09-29 03:59,2020-09-29 04:00,stop@2020-10-01 16:19:10595.31:1.000,2020-09-29 04:00|FILL|10720.72|1.000;2020-10-01 16:19|EXIT_STOP|10595.31|1.000
L-2020-10-28 03:59-26,BTCUSDT,LONG,2020-10-27 00:00,2020-10-28 03:59,2020-10-28 04:00,13636.19,13636.19,2020-10-28 07:10,13512.74,13863.00,350.26,13472.20,2020-10-28 11:09,,2020-10-28 11:09,stop,-0.013326,-13.326,0.000700,0.000100,2020-10-28 08:00:+0.000100,-0.01203,0.00473,4.00,1,2492,2020-10-28 03:59,2020-10-28 07:10,stop@2020-10-28 11:09:13472.20:1.000,2020-10-28 07:10|FILL|13636.19|1.000;2020-10-28 11:09|EXIT_STOP|13472.20|1.000
L-2020-11-07 23:59-27,BTCUSDT,LONG,2020-11-08 00:00,2020-11-07 23:59,2020-11-08 00:00,14803.79,14803.79,2020-11-08 00:00,14555.00,15421.58,866.58,14511.33,2020-11-09 16:14,2020-11-08 15:04;2020-11-08 15:04,2020-11-09 16:14,stop,0.020579,20.579,0.000513,0.000250,2020-11-08 08:00:+0.000100;2020-11-08 16:00:+0.000038;2020-11-09 00:00:+0.000038;2020-11-09 08:00:+0.000038;2020-11-09 16:00:+0.000038,-0.00634,0.07196,40.25,1,2557,2020-11-07 23:59,2020-11-08 00:00,tp@2020-11-08 15:04:15388.70:0.500;tp@2020-11-08 15:04:14925.03:0.125;stop@2020-11-09 16:14:14833.40:0.375,2020-11-08 00:00|FILL|14803.79|1.000;2020-11-08 15:04|EXIT_TP|15388.70|0.500;2020-11-08 15:04|EXIT_TP|14925.03|0.125;2020-11-09 16:14|EXIT_STOP|14833.40|0.375
L-2020-12-04 07:59-28,BTCUSDT,LONG,2020-12-03 00:00,2020-12-04 07:59,2020-12-04 08:00,19272.27,19272.27,2020-12-04 10:05,19115.00,19537.16,422.16,19057.65,2020-12-04 10:14,,2020-12-04 10:14,stop,-0.012336,-12.336,0.000700,0.000000,,-0.01114,0.00432,0.17,1,2715,2020-12-04 07:59,2020-12-04 10:05,stop@2020-12-04 10:14:19057.65:1.000,2020-12-04 10:05|FILL|19272.27|1.000;2020-12-04 10:14|EXIT_STOP|19057.65|1.000
L-2020-12-28 07:59-29,BTCUSDT,LONG,2020-12-29 00:00,2020-12-28 07:59,2020-12-29 00:00,26292.08,26292.08,2020-12-29 04:05,25850.00,27390.00,1540.00,25772.45,,2020-12-29 23:39;2021-01-01 01:14;2021-01-02 12:19;2021-01-02 12:49,2021-01-02 16:34,tp,0.100097,100.097,0.000400,0.003183,2020-12-29 08:00:+0.000489;2020-12-29 16:00:+0.000399;2020-12-30 00:00:+0.000245;2020-12-30 08:00:+0.000384;2020-12-30 16:00:+0.000314;2020-12-31 00:00:+0.000266;2020-12-31 08:00:+0.000302;2020-12-31 16:00:+0.000184;2021-01-01 00:00:+0.000114;2021-01-01 08:00:+0.000099;2021-01-01 16:00:+0.000129;2021-01-02 00:00:+0.000038;2021-01-02 08:00:+0.000076;2021-01-02 16:00:+0.000144,-0.01442,0.23631,108.50,6,2864,2020-12-29 03:59,2020-12-29 04:05,tp@2020-12-29 23:39:27331.34:0.500;tp@2021-01-01 01:14:29386.62:0.125;tp@2021-01-02 12:19:29981.25:0.125;tp@2021-01-02 12:49:30945.87:0.125;tp@2021-01-02 16:34:32505.13:0.125,2020-12-29 04:05|FILL|26292.08|1.000;2020-12-29 23:39|EXIT_TP|27331.34|0.500;2021-01-01 01:14|EXIT_TP|29386.62|0.125;2021-01-02 12:19|EXIT_TP|29981.25|0.125;2021-01-02 12:49|EXIT_TP|30945.87|0.125;2021-01-02 16:34|EXIT_TP|32505.13|0.125
L-2021-01-03 15:59-30,BTCUSDT,LONG,2020-12-31 00:00,2021-01-03 15:59,2021-01-03 16:00,33107.20,33107.20,2021-01-03 16:45,32472.00,34743.92,2271.92,32374.58,2021-01-04 07:24,,2021-01-04 07:24,stop,-0.024970,-24.970,0.000700,0.001641,2021-01-04 00:00:+0.001641,-0.02213,0.02540,14.67,1,2897,2021-01-03 15:59,2021-01-03 16:45,stop@2021-01-04 07:24:32374.58:1.000,2021-01-03 16:45|FILL|33107.20|1.000;2021-01-04 07:24|EXIT_STOP|32374.58|1.000
L-2021-01-09 03:59-31,BTCUSDT,LONG,2021-01-09 00:00,2021-01-09 03:59,2021-01-09 04:00,39336.92,39336.92,2021-01-09 05:55,38655.00,41045.93,2390.93,38539.04,2021-01-10 11:24,2021-01-09 11:24;2021-01-09 11:24,2021-01-10 11:24,stop,0.021102,21.102,0.000513,0.002219,2021-01-09 08:00:+0.000669;2021-01-09 16:00:+0.000551;2021-01-10 00:00:+0.000546;2021-01-10 08:00:+0.000452,-0.01535,0.05600,29.50,1,2930,2021-01-09 03:59,2021-01-09 05:55,tp@2021-01-09 11:24:40932.68:0.500;tp@2021-01-09 11:24:40277.14:0.125;stop@2021-01-10 11:24:39415.59:0.375,2021-01-09 05:55|FILL|39336.92|1.000;2021-01-09 11:24|EXIT_TP|40932.68|0.500;2021-01-09 11:24|EXIT_TP|40277.14|0.125;2021-01-10 11:24|EXIT_STOP|39415.59|0.375
S-2021-01-11 19:59-32,BTCUSDT,SHORT,2021-01-12 00:00,2021-01-11 19:59,2021-01-12 00:00,34890.33,34890.33,2021-01-12 00:00,36399.99,30448.00,5951.99,36509.19,2021-01-12 07:44,,2021-01-12 07:44,stop,-0.047598,-47.598,0.000700,0.000000,,-0.04640,0.03333,7.75,2,2947,2021-01-11 23:59,2021-01-12 00:00,stop@2021-01-12 07:44:36509.19:1.000,2021-01-12 00:00|FILL|34890.33|1.000;2021-01-12 07:44|EXIT_STOP|36509.19|1.000
L-2021-01-14 23:59-33,BTCUSDT,LONG,2021-01-15 00:00,2021-01-14 23:59,2021-01-15 00:00,38418.14,38418.14,2021-01-15 04:15,37760.00,40061.83,2301.83,37646.72,2021-01-15 06:09,,2021-01-15 06:09,stop,-0.021280,-21.280,0.000700,0.000000,,-0.02008,0.01252,1.92,2,2966,2021-01-15 03:59,2021-01-15 04:15,stop@2021-01-15 06:09:37646.72:1.000,2021-01-15 04:15|FILL|38418.14|1.000;2021-01-15 06:09|EXIT_STOP|37646.72|1.000
S-2021-01-18 03:59-34,BTCUSDT,SHORT,2021-01-18 00:00,2021-01-18 03:59,2021-01-18 04:00,36311.31,36311.31,2021-01-18 08:15,36898.00,34875.00,2023.00,37008.69,2021-01-18 12:09,,2021-01-18 12:09,stop,-0.020406,-20.406,0.000700,0.000000,,-0.01921,0.01321,3.92,2,2985,2021-01-18 07:59,2021-01-18 08:15,stop@2021-01-18 12:09:37008.69:1.000,2021-01-18 08:15|FILL|36311.31|1.000;2021-01-18 12:09|EXIT_STOP|37008.69|1.000
S-2021-01-20 19:59-35,BTCUSDT,SHORT,2021-01-21 00:00,2021-01-20 19:59,2021-01-21 00:00,35269.52,35269.52,2021-01-21 00:00,35985.00,33403.00,2582.00,36092.96,2021-01-29 08:54,2021-01-21 08:54;2021-01-22 01:19,2021-01-29 08:54,stop,0.047772,47.772,0.000513,-0.002178,2021-01-21 08:00:-0.000484;2021-01-21 16:00:-0.000133;2021-01-22 00:00:-0.000050;2021-01-22 08:00:-0.000038;2021-01-22 16:00:-0.000038;2021-01-23 00:00:-0.000038;2021-01-23 08:00:-0.000046;2021-01-23 16:00:-0.000038;2021-01-24 00:00:-0.000038;2021-01-24 08:00:-0.000054;2021-01-24 16:00:-0.000155;2021-01-25 00:00:-0.000038;2021-01-25 08:00:-0.000196;2021-01-25 16:00:-0.000159;2021-01-26 00:00:-0.000051;2021-01-26 08:00:-0.000038;2021-01-26 16:00:-0.000038;2021-01-27 00:00:-0.000038;2021-01-27 08:00:-0.000038;2021-01-27 16:00:-0.000038;2021-01-28 00:00:-0.000038;2021-01-28 08:00:-0.000038;2021-01-28 16:00:-0.000083;2021-01-29 00:00:-0.000038;2021-01-29 08:00:-0.000243,-0.01040,0.18116,200.92,2,3001,2021-01-20 23:59,2021-01-21 00:00,tp@2021-01-21 08:54:33622.65:0.500;tp@2021-01-22 01:19:29006.72:0.125;stop@2021-01-29 08:54:35198.98:0.375,2021-01-21 00:00|FILL|35269.52|1.000;2021-01-21 08:54|EXIT_TP|33622.65|0.500;2021-01-22 01:19|EXIT_TP|29006.72|0.125;2021-01-29 08:54|EXIT_STOP|35198.98|0.375
L-2021-02-10 19:59-36,BTCUSDT,LONG,2021-02-11 00:00,2021-02-10 19:59,2021-02-11 00:00,44591.54,44591.54,2021-02-11 00:10,43770.00,46685.95,2915.95,43638.69,,2021-02-11 11:54;2021-02-11 11:54,2021-02-23 04:40,v,0.062691,62.691,0.000513,0.015672,2021-02-11 08:00:+0.000831;2021-02-11 16:00:+0.000653;2021-02-12 00:00:+0.000483;2021-02-12 08:00:+0.000471;2021-02-12 16:00:+0.000396;2021-02-13 00:00:+0.000525;2021-02-13 08:00:+0.000531;2021-02-13 16:00:+0.000285;2021-02-14 00:00:+0.000319;2021-02-14 08:00:+0.000548;2021-02-14 16:00:+0.000561;2021-02-15 00:00:+0.000442;2021-02-15 08:00:+0.000152;2021-02-15 16:00:+0.000255;2021-02-16 00:00:+0.000373;2021-02-16 08:00:+0.000463;2021-02-16 16:00:+0.000532;2021-02-17 00:00:+0.000390;2021-02-17 08:00:+0.000350;2021-02-17 16:00:+0.000552;2021-02-18 00:00:+0.000496;2021-02-18 08:00:+0.000579;2021-02-18 16:00:+0.000472;2021-02-19 00:00:+0.000342;2021-02-19 08:00:+0.000317;2021-02-19 16:00:+0.000483;2021-02-20 00:00:+0.000586;2021-02-20 08:00:+0.000437;2021-02-20 16:00:+0.000460;2021-02-21 00:00:+0.000376;2021-02-21 08:00:+0.000371;2021-02-21 16:00:+0.000472;2021-02-22 00:00:+0.000439;2021-02-22 08:00:+0.000344;2021-02-22 16:00:+0.000292;2021-02-23 00:00:+0.000094,-0.01239,0.31128,292.50,2,3127,2021-02-10 23:59,2021-02-11 00:10,tp@2021-02-11 11:54:46497.24:0.500;tp@2021-02-11 11:54:46306.99:0.125;v@2021-02-23 04:40:50857.91:0.375,2021-02-11 00:10|FILL|44591.54|1.000;2021-02-11 11:54|EXIT_TP|46497.24|0.500;2021-02-11 11:54|EXIT_TP|46306.99|0.125;2021-02-23 04:39|V_DETECT|50710.20|0.000;2021-02-23 04:40|EXIT_V|50857.91|0.375
L-2021-03-15 23:59-37,BTCUSDT,LONG,2021-03-16 00:00,2021-03-15 23:59,2021-03-16 00:00,55695.82,55695.82,2021-03-16 00:00,55078.00,56990.00,1912.00,54912.77,,,2021-03-16 00:05,v,0.002252,2.252,0.000700,0.000000,,-0.00711,0.00330,0.08,1,3325,2021-03-15 23:59,2021-03-16 00:00,v@2021-03-16 00:05:55860.23:1.000,2021-03-16 00:00|FILL|55695.82|1.000;2021-03-16 00:04|V_DETECT|56078.23|0.000;2021-03-16 00:05|EXIT_V|55860.23|1.000
L-2021-03-20 11:59-38,BTCUSDT,LONG,2021-03-20 00:00,2021-03-20 11:59,2021-03-20 12:00,58411.70,58411.70,2021-03-20 20:20,57881.00,59389.42,1508.42,57707.36,2021-03-21 02:34,,2021-03-21 02:34,stop,-0.013572,-13.572,0.000700,0.000314,2021-03-21 00:00:+0.000314,-0.01206,0.01086,6.25,3,3354,2021-03-20 19:59,2021-03-20 20:20,stop@2021-03-21 02:34:57707.36:1.000,2021-03-20 20:20|FILL|58411.70|1.000;2021-03-21 02:34|EXIT_STOP|57707.36|1.000
S-2021-03-27 15:59-39,BTCUSDT,SHORT,2021-03-27 00:00,2021-03-27 15:59,2021-03-27 16:00,55023.11,55023.11,2021-03-27 16:00,55555.55,54001.00,1554.55,55722.22,2021-03-27 16:14,,2021-03-27 16:14,stop,-0.013906,-13.906,0.000700,0.000000,,-0.01271,0.00107,0.25,1,3395,2021-03-27 15:59,2021-03-27 16:00,stop@2021-03-27 16:14:55722.22:1.000,2021-03-27 16:00|FILL|55023.11|1.000;2021-03-27 16:14|EXIT_STOP|55722.22|1.000
L-2021-04-19 19:59-40,BTCUSDT,LONG,2021-04-20 00:00,2021-04-19 19:59,2021-04-20 00:00,55075.20,55075.20,2021-04-20 00:20,54200.00,57210.45,3010.45,54037.40,2021-04-20 02:24,,2021-04-20 02:24,stop,-0.020043,-20.043,0.000700,0.000000,,-0.01884,0.00308,2.08,2,3535,2021-04-19 23:59,2021-04-20 00:20,stop@2021-04-20 02:24:54037.40:1.000,2021-04-20 00:20|FILL|55075.20|1.000;2021-04-20 02:24|EXIT_STOP|54037.40|1.000
S-2021-04-25 07:59-41,BTCUSDT,SHORT,2021-04-25 00:00,2021-04-25 07:59,2021-04-25 08:00,50438.76,50438.76,2021-04-25 14:40,51046.89,49113.17,1933.72,51200.03,2021-04-26 00:34,2021-04-25 20:49;2021-04-25 20:49;2021-04-25 21:34,2021-04-26 00:34,stop,0.025857,25.857,0.000475,-0.000125,2021-04-25 16:00:-0.000100;2021-04-26 00:00:-0.000025,-0.00276,0.06956,9.92,2,3568,2021-04-25 11:59,2021-04-25 14:40,tp@2021-04-25 20:49:48916.22:0.500;tp@2021-04-25 20:49:48898.59:0.125;tp@2021-04-25 21:34:47645.54:0.125;stop@2021-04-26 00:34:50337.88:0.250,2021-04-25 14:40|FILL|50438.76|1.000;2021-04-25 20:49|EXIT_TP|48916.22|0.500;2021-04-25 20:49|EXIT_TP|48898.59|0.125;2021-04-25 21:34|EXIT_TP|47645.54|0.125;2021-04-26 00:34|EXIT_STOP|50337.88|0.250
L-2021-05-01 07:59-42,BTCUSDT,LONG,2021-04-30 00:00,2021-05-01 07:59,2021-05-01 08:00,57102.63,57102.63,2021-05-01 15:25,56451.08,58488.17,2037.09,56281.73,2021-05-02 04:04,,2021-05-02 04:04,stop,-0.016059,-16.059,0.000700,0.000483,2021-05-01 16:00:+0.000325;2021-05-02 00:00:+0.000158,-0.01438,0.01704,12.67,2,3604,2021-05-01 11:59,2021-05-01 15:25,stop@2021-05-02 04:04:56281.73:1.000,2021-05-01 15:25|FILL|57102.63|1.000;2021-05-02 04:04|EXIT_STOP|56281.73|1.000
L-2021-05-02 15:59-43,BTCUSDT,LONG,2021-05-03 00:00,2021-05-02 15:59,2021-05-03 00:00,56565.37,56565.37,2021-05-03 00:00,56100.00,57355.00,1255.00,55931.70,2021-05-03 20:39,2021-05-03 01:39,2021-05-03 20:39,stop,0.010885,10.885,0.000550,0.000517,2021-05-03 08:00:+0.000181;2021-05-03 16:00:+0.000337,-0.00010,0.04404,20.67,3,3613,2021-05-02 23:59,2021-05-03 00:00,tp@2021-05-03 01:39:57832.71:0.500;stop@2021-05-03 20:39:56678.50:0.500,2021-05-03 00:00|FILL|56565.37|1.000;2021-05-03 01:39|EXIT_TP|57832.71|0.500;2021-05-03 20:39|EXIT_STOP|56678.50|0.500
S-2021-05-07 11:59-44,BTCUSDT,SHORT,2021-05-07 00:00,2021-05-07 11:59,2021-05-07 12:00,56565.45,56565.45,2021-05-07 12:00,57179.13,55300.00,1879.13,57350.67,2021-05-07 12:39,,2021-05-07 12:39,stop,-0.015082,-15.082,0.000700,0.000000,,-0.01388,0.00522,0.67,1,3640,2021-05-07 11:59,2021-05-07 12:00,stop@2021-05-07 12:39:57350.67:1.000,2021-05-07 12:00|FILL|56565.45|1.000;2021-05-07 12:39|EXIT_STOP|57350.67|1.000
L-2021-05-11 11:59-45,BTCUSDT,LONG,2021-05-12 00:00,2021-05-11 11:59,2021-05-12 00:00,55112.39,55112.39,2021-05-12 16:15,54541.33,56262.61,1721.28,54377.71,2021-05-12 18:19,,2021-05-12 18:19,stop,-0.014531,-14.531,0.000700,0.000000,,-0.01333,0.00435,2.08,8,3671,2021-05-12 15:59,2021-05-12 16:15,stop@2021-05-12 18:19:54377.71:1.000,2021-05-12 16:15|FILL|55112.39|1.000;2021-05-12 18:19|EXIT_STOP|54377.71|1.000
S-2021-05-17 11:59-46,BTCUSDT,SHORT,2021-05-17 00:00,2021-05-17 11:59,2021-05-17 12:00,45466.81,45466.81,2021-05-17 12:00,46655.00,42200.00,4455.00,46794.96,2021-05-18 04:09,2021-05-17 16:49,2021-05-18 04:09,stop,0.030278,30.278,0.000550,-0.000866,2021-05-17 16:00:-0.000593;2021-05-18 00:00:-0.000273,-0.00868,0.07293,16.17,1,3700,2021-05-17 11:59,2021-05-17 12:00,tp@2021-05-17 16:49:42810.50:0.500;stop@2021-05-18 04:09:45375.88:0.500,2021-05-17 12:00|FILL|45466.81|1.000;2021-05-17 16:49|EXIT_TP|42810.50|0.500;2021-05-18 04:09|EXIT_STOP|45375.88|0.500
S-2021-05-19 19:59-47,BTCUSDT,SHORT,2021-05-19 00:00,2021-05-19 19:59,2021-05-19 20:00,37868.11,37868.11,2021-05-19 20:00,40853.00,28688.00,12165.00,40975.56,2021-05-20 12:19,,2021-05-20 12:19,stop,-0.083060,-83.060,0.000700,-0.000200,2021-05-20 00:00:-0.000100;2021-05-20 08:00:-0.000100,-0.08206,0.07886,16.33,1,3714,2021-05-19 19:59,2021-05-19 20:00,stop@2021-05-20 12:19:40975.56:1.000,2021-05-19 20:00|FILL|37868.11|1.000;2021-05-20 12:19|EXIT_STOP|40975.56|1.000
S-2021-05-20 19:59-48,BTCUSDT,SHORT,2021-05-21 00:00,2021-05-20 19:59,2021-05-21 00:00,41304.79,41304.79,2021-05-21 00:30,42460.00,38091.68,4368.32,42587.38,,2021-05-21 14:19;2021-05-21 14:19;2021-05-21 14:29;2021-05-21 21:14,2021-05-25 00:05,v,0.073542,73.542,0.000438,0.000006,2021-05-21 08:00:+0.000010;2021-05-21 16:00:-0.000019;2021-05-22 00:00:+0.000031;2021-05-22 08:00:-0.000013;2021-05-22 16:00:-0.000013;2021-05-23 00:00:+0.000006;2021-05-23 08:00:+0.000001;2021-05-23 16:00:-0.000006;2021-05-24 00:00:+0.000011;2021-05-24 08:00:+0.000012;2021-05-24 16:00:-0.000003;2021-05-25 00:00:-0.000013,-0.02338,0.24714,95.58,2,3721,2021-05-20 23:59,2021-05-21 00:30,tp@2021-05-21 14:19:38739.61:0.500;tp@2021-05-21 14:19:40126.18:0.125;tp@2021-05-21 14:29:37837.69:0.125;tp@2021-05-21 21:14:34138.48:0.125;v@2021-05-25 00:05:38929.77:0.125,2021-05-21 00:30|FILL|41304.79|1.000;2021-05-21 14:19|EXIT_TP|38739.61|0.500;2021-05-21 14:19|EXIT_TP|40126.18|0.125;2021-05-21 14:29|EXIT_TP|37837.69|0.125;2021-05-21 21:14|EXIT_TP|34138.48|0.125;2021-05-25 00:04|V_DETECT|38829.00|0.000;2021-05-25 00:05|EXIT_V|38929.77|0.125
S-2021-05-31 11:59-49,BTCUSDT,SHORT,2021-05-31 00:00,2021-05-31 11:59,2021-05-31 12:00,35473.70,35473.70,2021-05-31 12:00,36022.30,34150.00,1872.30,36130.37,2021-05-31 12:04,,2021-05-31 12:04,stop,-0.019711,-19.711,0.000700,0.000000,,-0.01851,0.00000,0.08,1,3784,2021-05-31 11:59,2021-05-31 12:00,stop@2021-05-31 12:04:36130.37:1.000,2021-05-31 12:00|FILL|35473.70|1.000;2021-05-31 12:04|EXIT_STOP|36130.37|1.000
L-2021-06-02 23:59-50,BTCUSDT,LONG,2021-06-03 00:00,2021-06-02 23:59,2021-06-03 00:00,37444.76,37444.76,2021-06-03 00:00,37066.00,38196.35,1130.35,36954.80,2021-06-04 02:14,2021-06-03 05:14,2021-06-04 02:14,stop,0.013135,13.135,0.000550,0.000150,2021-06-03 08:00:+0.000050;2021-06-03 16:00:+0.000050;2021-06-04 00:00:+0.000050,-0.00787,0.05409,26.25,1,3799,2021-06-02 23:59,2021-06-03 00:00,tp@2021-06-03 05:14:38424.68:0.500;stop@2021-06-04 02:14:37519.65:0.500,2021-06-03 00:00|FILL|37444.76|1.000;2021-06-03 05:14|EXIT_TP|38424.68|0.500;2021-06-04 02:14|EXIT_STOP|37519.65|0.500
L-2021-06-17 07:59-51,BTCUSDT,LONG,2021-06-17 00:00,2021-06-17 07:59,2021-06-17 08:00,38525.85,38525.85,2021-06-17 14:00,38105.00,39400.00,1295.00,37990.68,2021-06-17 17:24,,2021-06-17 17:24,stop,-0.015191,-15.191,0.000700,0.000100,2021-06-17 16:00:+0.000100,-0.01389,0.01620,3.42,2,3886,2021-06-17 11:59,2021-06-17 14:00,stop@2021-06-17 17:24:37990.68:1.000,2021-06-17 14:00|FILL|38525.85|1.000;2021-06-17 17:24|EXIT_STOP|37990.68|1.000
S-2021-06-23 07:59-52,BTCUSDT,SHORT,2021-06-23 00:00,2021-06-23 07:59,2021-06-23 08:00,33648.98,33648.98,2021-06-23 08:00,34380.00,31711.50,2668.50,34483.14,2021-06-23 11:04,,2021-06-23 11:04,stop,-0.025990,-25.990,0.000700,0.000000,,-0.02479,0.00131,3.08,1,3921,2021-06-23 07:59,2021-06-23 08:00,stop@2021-06-23 11:04:34483.14:1.000,2021-06-23 08:00|FILL|33648.98|1.000;2021-06-23 11:04|EXIT_STOP|34483.14|1.000
L-2021-07-04 15:59-53,BTCUSDT,LONG,2021-07-05 00:00,2021-07-04 15:59,2021-07-05 00:00,34956.70,34956.70,2021-07-05 00:00,34602.60,35660.00,1057.40,34498.79,2021-07-05 01:44,,2021-07-05 01:44,stop,-0.014299,-14.299,0.000700,0.000000,,-0.01310,0.00929,1.75,3,3991,2021-07-04 23:59,2021-07-05 00:00,stop@2021-07-05 01:44:34498.79:1.000,2021-07-05 00:00|FILL|34956.70|1.000;2021-07-05 01:44|EXIT_STOP|34498.79|1.000
S-2021-07-16 19:59-54,BTCUSDT,SHORT,2021-07-15 00:00,2021-07-16 19:59,2021-07-16 20:00,31825.07,31825.07,2021-07-16 20:00,32187.00,31059.16,1127.84,32283.56,2021-07-18 01:34,,2021-07-18 01:34,stop,-0.015426,-15.426,0.000700,-0.000180,2021-07-17 00:00:-0.000100;2021-07-17 08:00:+0.000043;2021-07-17 16:00:-0.000024;2021-07-18 00:00:-0.000100,-0.01441,0.02121,29.58,1,4062,2021-07-16 19:59,2021-07-16 20:00,stop@2021-07-18 01:34:32283.56:1.000,2021-07-16 20:00|FILL|31825.07|1.000;2021-07-18 01:34|EXIT_STOP|32283.56|1.000
S-2021-07-22 19:59-55,BTCUSDT,SHORT,2021-07-23 00:00,2021-07-22 19:59,2021-07-23 00:00,32284.91,32284.91,2021-07-23 00:00,32583.48,31730.00,853.48,32681.23,2021-07-23 01:39,,2021-07-23 01:39,stop,-0.013476,-13.476,0.000700,0.000000,,-0.01228,0.00318,1.67,2,4099,2021-07-22 23:59,2021-07-23 00:00,stop@2021-07-23 01:39:32681.23:1.000,2021-07-23 00:00|FILL|32284.91|1.000;2021-07-23 01:39|EXIT_STOP|32681.23|1.000
L-2021-08-02 03:59-56,BTCUSDT,LONG,2021-08-02 00:00,2021-08-02 03:59,2021-08-02 04:00,39980.33,39980.33,2021-08-02 04:00,39350.40,41512.87,2162.47,39232.35,2021-08-02 12:14,,2021-08-02 12:14,stop,-0.020009,-20.009,0.000700,0.000100,2021-08-02 08:00:+0.000100,-0.01871,0.01175,8.25,1,4160,2021-08-02 03:59,2021-08-02 04:00,stop@2021-08-02 12:14:39232.35:1.000,2021-08-02 04:00|FILL|39980.33|1.000;2021-08-02 12:14|EXIT_STOP|39232.35|1.000
L-2021-08-22 11:59-57,BTCUSDT,LONG,2021-08-21 00:00,2021-08-22 11:59,2021-08-22 12:00,48971.41,48971.41,2021-08-22 12:10,48616.41,49500.00,883.59,48470.56,2021-08-22 14:39,,2021-08-22 14:39,stop,-0.011427,-11.427,0.000700,0.000000,,-0.01023,0.00236,2.50,1,4282,2021-08-22 11:59,2021-08-22 12:10,stop@2021-08-22 14:39:48470.56:1.000,2021-08-22 12:10|FILL|48971.41|1.000;2021-08-22 14:39|EXIT_STOP|48470.56|1.000
L-2021-09-03 19:59-58,BTCUSDT,LONG,2021-09-03 00:00,2021-09-03 19:59,2021-09-03 20:00,49881.51,49881.51,2021-09-03 22:10,49306.44,51111.00,1804.56,49158.52,2021-09-07 14:29,2021-09-05 20:54;2021-09-05 20:54;2021-09-05 20:54;2021-09-06 11:19,2021-09-07 14:29,stop,0.025852,25.852,0.000438,0.001179,2021-09-04 00:00:+0.000439;2021-09-04 08:00:+0.000118;2021-09-04 16:00:+0.000192;2021-09-05 00:00:+0.000100;2021-09-05 08:00:+0.000100;2021-09-05 16:00:+0.000100;2021-09-06 00:00:+0.000067;2021-09-06 08:00:+0.000025;2021-09-06 16:00:+0.000013;2021-09-07 00:00:+0.000013;2021-09-07 08:00:+0.000013,-0.01046,0.06152,88.33,1,4356,2021-09-03 19:59,2021-09-03 22:10,tp@2021-09-05 20:54:51327.50:0.500;tp@2021-09-05 20:54:51120.50:0.125;tp@2021-09-05 20:54:51503.00:0.125;tp@2021-09-06 11:19:52123.50:0.125;stop@2021-09-07 14:29:49981.28:0.125,2021-09-03 22:10|FILL|49881.51|1.000;2021-09-05 20:54|EXIT_TP|51327.50|0.500;2021-09-05 20:54|EXIT_TP|51120.50|0.125;2021-09-05 20:54|EXIT_TP|51503.00|0.125;2021-09-06 11:19|EXIT_TP|52123.50|0.125;2021-09-07 14:29|EXIT_STOP|49981.28|0.125
S-2021-09-22 03:59-59,BTCUSDT,SHORT,2021-09-22 00:00,2021-09-22 03:59,2021-09-22 04:00,42256.12,42256.12,2021-09-22 06:30,43272.81,39503.58,3769.23,43402.63,2021-09-22 16:14,,2021-09-22 16:14,stop,-0.028132,-28.132,0.000700,-0.000200,2021-09-22 08:00:-0.000100;2021-09-22 16:00:-0.000100,-0.02713,0.00989,9.75,1,4466,2021-09-22 03:59,2021-09-22 06:30,stop@2021-09-22 16:14:43402.63:1.000,2021-09-22 06:30|FILL|42256.12|1.000;2021-09-22 16:14|EXIT_STOP|43402.63|1.000
L-2021-09-25 15:59-60,BTCUSDT,LONG,2021-09-26 00:00,2021-09-25 15:59,2021-09-26 00:00,42067.54,42067.54,2021-09-26 02:10,41630.26,42950.00,1319.74,41505.37,2021-09-26 07:39,,2021-09-26 07:39,stop,-0.014564,-14.564,0.000700,0.000000,,-0.01336,0.00761,5.50,3,4489,2021-09-25 23:59,2021-09-26 02:10,stop@2021-09-26 07:39:41505.37:1.000,2021-09-26 02:10|FILL|42067.54|1.000;2021-09-26 07:39|EXIT_STOP|41505.37|1.000
L-2021-10-07 19:59-61,BTCUSDT,LONG,2021-10-05 00:00,2021-10-07 19:59,2021-10-07 20:00,53860.62,53860.62,2021-10-07 22:20,53374.34,54752.23,1377.89,53214.22,2021-10-08 20:54,2021-10-08 08:14;2021-10-08 08:14,2021-10-08 20:54,stop,0.012837,12.837,0.000513,0.000618,2021-10-08 00:00:+0.000334;2021-10-08 08:00:+0.000234;2021-10-08 16:00:+0.000050,-0.00396,0.04360,22.58,1,4560,2021-10-07 19:59,2021-10-07 22:20,tp@2021-10-08 08:14:55153.43:0.500;tp@2021-10-08 08:14:54465.14:0.125;stop@2021-10-08 20:54:53968.34:0.375,2021-10-07 22:20|FILL|53860.62|1.000;2021-10-08 08:14|EXIT_TP|55153.43|0.500;2021-10-08 08:14|EXIT_TP|54465.14|0.125;2021-10-08 20:54|EXIT_STOP|53968.34|0.375
L-2021-10-08 15:59-62,BTCUSDT,LONG,2021-10-09 00:00,2021-10-08 15:59,2021-10-09 00:00,54414.55,54414.55,2021-10-09 00:00,53647.30,56208.73,2561.43,53486.36,2021-10-10 21:19,2021-10-10 20:29,2021-10-10 21:19,stop,0.016592,16.592,0.000550,0.000666,2021-10-09 08:00:+0.000100;2021-10-09 16:00:+0.000157;2021-10-10 00:00:+0.000100;2021-10-10 08:00:+0.000209;2021-10-10 16:00:+0.000100,-0.01393,0.04364,45.33,3,4567,2021-10-08 23:59,2021-10-09 00:00,tp@2021-10-10 20:29:56270.94:0.500;stop@2021-10-10 21:19:54523.38:0.500,2021-10-09 00:00|FILL|54414.55|1.000;2021-10-10 20:29|EXIT_TP|56270.94|0.500;2021-10-10 21:19|EXIT_STOP|54523.38|0.500
L-2021-10-18 07:59-63,BTCUSDT,LONG,2021-10-18 00:00,2021-10-18 07:59,2021-10-18 08:00,59961.55,59961.55,2021-10-18 13:05,58850.00,62800.00,3950.00,58673.45,2021-10-22 16:19,2021-10-19 03:14;2021-10-19 19:59;2021-10-20 13:44;2021-10-20 13:49,2021-10-22 16:19,stop,0.053407,53.407,0.000438,0.000828,2021-10-18 16:00:+0.000100;2021-10-19 00:00:+0.000100;2021-10-19 08:00:+0.000075;2021-10-19 16:00:+0.000050;2021-10-20 00:00:+0.000038;2021-10-20 08:00:+0.000038;2021-10-20 16:00:+0.000079;2021-10-21 00:00:+0.000086;2021-10-21 08:00:+0.000071;2021-10-21 16:00:+0.000078;2021-10-22 00:00:+0.000042;2021-10-22 08:00:+0.000031;2021-10-22 16:00:+0.000042,-0.00107,0.11988,99.25,2,4624,2021-10-18 11:59,2021-10-18 13:05,tp@2021-10-19 03:14:62537.74:0.500;tp@2021-10-19 19:59:64254.88:0.125;tp@2021-10-20 13:44:65069.74:0.125;tp@2021-10-20 13:49:66391.63:0.125;stop@2021-10-22 16:19:60081.47:0.125,2021-10-18 13:05|FILL|59961.55|1.000;2021-10-19 03:14|EXIT_TP|62537.74|0.500;2021-10-19 19:59|EXIT_TP|64254.88|0.125;2021-10-20 13:44|EXIT_TP|65069.74|0.125;2021-10-20 13:49|EXIT_TP|66391.63|0.125;2021-10-22 16:19|EXIT_STOP|60081.47|0.125
L-2021-10-29 23:59-64,BTCUSDT,LONG,2021-10-30 00:00,2021-10-29 23:59,2021-10-30 00:00,61485.05,61485.05,2021-10-30 05:00,60754.84,63069.71,2314.87,60572.58,2021-10-31 08:49,,2021-10-31 08:49,stop,-0.017337,-17.337,0.000700,0.001297,2021-10-30 08:00:+0.000385;2021-10-30 16:00:+0.000232;2021-10-31 00:00:+0.000191;2021-10-31 08:00:+0.000489,-0.01484,0.01591,27.83,2,4694,2021-10-30 03:59,2021-10-30 05:00,stop@2021-10-31 08:49:60572.58:1.000,2021-10-30 05:00|FILL|61485.05|1.000;2021-10-31 08:49|EXIT_STOP|60572.58|1.000
L-2021-11-11 07:59-65,BTCUSDT,LONG,2021-11-12 00:00,2021-11-11 07:59,2021-11-12 00:00,63300.32,63300.32,2021-11-12 13:20,62400.51,65411.00,3010.49,62213.31,,,2021-11-12 16:10,v,-0.001486,-1.486,0.000700,0.000369,2021-11-12 16:00:+0.000369,-0.00768,0.01421,2.83,8,4774,2021-11-12 11:59,2021-11-12 13:20,v@2021-11-12 16:10:63273.90:1.000,2021-11-12 13:20|FILL|63300.32|1.000;2021-11-12 16:09|V_DETECT|62822.90|0.000;2021-11-12 16:10|EXIT_V|63273.90|1.000
S-2021-11-19 07:59-66,BTCUSDT,SHORT,2021-11-19 00:00,2021-11-19 07:59,2021-11-19 08:00,57632.59,57632.59,2021-11-19 13:35,58486.21,55604.00,2882.21,58661.67,2021-11-20 01:24,,2021-11-20 01:24,stop,-0.018856,-18.856,0.000700,-0.000200,2021-11-19 16:00:-0.000100;2021-11-20 00:00:-0.000100,-0.01786,0.00392,11.83,2,4816,2021-11-19 11:59,2021-11-19 13:35,stop@2021-11-20 01:24:58661.67:1.000,2021-11-19 13:35|FILL|57632.59|1.000;2021-11-20 01:24|EXIT_STOP|58661.67|1.000
S-2021-11-29 03:59-67,BTCUSDT,SHORT,2021-11-29 00:00,2021-11-29 03:59,2021-11-29 04:00,56635.88,56635.88,2021-11-29 04:00,57474.76,54642.30,2832.46,57647.18,2021-11-29 04:09,,2021-11-29 04:09,stop,-0.019056,-19.056,0.000700,0.000000,,-0.01786,0.00000,0.17,1,4874,2021-11-29 03:59,2021-11-29 04:00,stop@2021-11-29 04:09:57647.18:1.000,2021-11-29 04:00|FILL|56635.88|1.000;2021-11-29 04:09|EXIT_STOP|57647.18|1.000
S-2021-12-06 11:59-68,BTCUSDT,SHORT,2021-12-06 00:00,2021-12-06 11:59,2021-12-06 12:00,48915.22,48915.22,2021-12-06 15:30,49699.49,47000.00,2699.49,49848.59,2021-12-06 21:49,,2021-12-06 21:49,stop,-0.020181,-20.181,0.000700,-0.000100,2021-12-06 16:00:-0.000100,-0.01908,0.00828,6.33,1,4918,2021-12-06 11:59,2021-12-06 15:30,stop@2021-12-06 21:49:49848.59:1.000,2021-12-06 15:30|FILL|48915.22|1.000;2021-12-06 21:49|EXIT_STOP|49848.59|1.000
S-2021-12-14 03:59-69,BTCUSDT,SHORT,2021-12-14 00:00,2021-12-14 03:59,2021-12-14 04:00,47358.32,47358.32,2021-12-14 08:35,47900.00,46208.55,1691.45,48043.70,2021-12-14 21:09,,2021-12-14 21:09,stop,-0.015584,-15.584,0.000700,-0.000088,2021-12-14 16:00:-0.000088,-0.01447,0.01949,12.58,2,4965,2021-12-14 07:59,2021-12-14 08:35,stop@2021-12-14 21:09:48043.70:1.000,2021-12-14 08:35|FILL|47358.32|1.000;2021-12-14 21:09|EXIT_STOP|48043.70|1.000
S-2021-12-17 23:59-70,BTCUSDT,SHORT,2021-12-18 00:00,2021-12-17 23:59,2021-12-18 00:00,46833.60,46833.60,2021-12-18 05:40,47430.00,45500.00,1930.00,47572.29,2021-12-19 03:19,,2021-12-19 03:19,stop,-0.016726,-16.726,0.000700,-0.000247,2021-12-18 08:00:-0.000092;2021-12-18 16:00:-0.000084;2021-12-19 00:00:-0.000071,-0.01577,0.01419,21.67,2,4988,2021-12-18 03:59,2021-12-18 05:40,stop@2021-12-19 03:19:47572.29:1.000,2021-12-18 05:40|FILL|46833.60|1.000;2021-12-19 03:19|EXIT_STOP|47572.29|1.000
S-2022-01-07 19:59-71,BTCUSDT,SHORT,2022-01-08 00:00,2022-01-07 19:59,2022-01-08 00:00,42242.08,42242.08,2022-01-08 01:10,42960.00,40456.56,2503.44,43088.88,2022-01-08 22:24,2022-01-08 19:04;2022-01-08 19:04,2022-01-08 22:24,stop,0.021851,21.851,0.000513,-0.000200,2022-01-08 08:00:-0.000100;2022-01-08 16:00:-0.000100,-0.00012,0.04124,21.25,2,5113,2022-01-07 23:59,2022-01-08 01:10,tp@2022-01-08 19:04:40548.48:0.500;tp@2022-01-08 19:04:41716.62:0.125;stop@2022-01-08 22:24:42157.60:0.375,2022-01-08 01:10|FILL|42242.08|1.000;2022-01-08 19:04|EXIT_TP|40548.48|0.500;2022-01-08 19:04|EXIT_TP|41716.62|0.125;2022-01-08 22:24|EXIT_STOP|42157.60|0.375
S-2022-01-22 19:59-72,BTCUSDT,SHORT,2022-01-21 00:00,2022-01-22 19:59,2022-01-22 20:00,35609.11,35609.11,2022-01-22 21:55,36181.08,34211.50,1969.58,36289.62,2022-01-23 23:14,,2022-01-23 23:14,stop,-0.020239,-20.239,0.000700,-0.000072,2022-01-23 00:00:-0.000100;2022-01-23 08:00:+0.000013;2022-01-23 16:00:+0.000016,-0.01911,0.02865,25.33,1,5202,2022-01-22 19:59,2022-01-22 21:55,stop@2022-01-23 23:14:36289.62:1.000,2022-01-22 21:55|FILL|35609.11|1.000;2022-01-23 23:14|EXIT_STOP|36289.62|1.000
S-2022-01-25 03:59-73,BTCUSDT,SHORT,2022-01-25 00:00,2022-01-25 03:59,2022-01-25 04:00,37040.98,37040.98,2022-01-25 14:35,37528.00,35936.65,1591.35,37640.58,2022-01-26 04:49,,2022-01-26 04:49,stop,-0.017481,-17.481,0.000700,0.000093,2022-01-25 16:00:+0.000100;2022-01-26 00:00:-0.000007,-0.01619,0.02944,14.25,3,5218,2022-01-25 11:59,2022-01-25 14:35,stop@2022-01-26 04:49:37640.58:1.000,2022-01-25 14:35|FILL|37040.98|1.000;2022-01-26 04:49|EXIT_STOP|37640.58|1.000
L-2022-01-29 23:59-74,BTCUSDT,LONG,2022-01-30 00:00,2022-01-29 23:59,2022-01-30 00:00,37718.57,37718.57,2022-01-30 00:40,37252.00,38750.94,1498.94,37140.24,2022-01-31 00:44,,2022-01-31 00:44,stop,-0.016813,-16.813,0.000700,0.000281,2022-01-30 08:00:+0.000091;2022-01-30 16:00:+0.000100;2022-01-31 00:00:+0.000089,-0.01533,0.01860,24.08,1,5245,2022-01-29 23:59,2022-01-30 00:40,stop@2022-01-31 00:44:37140.24:1.000,2022-01-30 00:40|FILL|37718.57|1.000;2022-01-31 00:44|EXIT_STOP|37140.24|1.000
L-2022-02-11 23:59-75,BTCUSDT,LONG,2022-02-12 00:00,2022-02-11 23:59,2022-02-12 00:00,42574.75,42574.75,2022-02-12 00:00,42046.11,43746.52,1700.41,41919.97,2022-02-12 06:44,,2022-02-12 06:44,stop,-0.016579,-16.579,0.000700,0.000000,,-0.01538,0.00000,6.75,1,5323,2022-02-11 23:59,2022-02-12 00:00,stop@2022-02-12 06:44:41919.97:1.000,2022-02-12 00:00|FILL|42574.75|1.000;2022-02-12 06:44|EXIT_STOP|41919.97|1.000
S-2022-02-24 23:59-76,BTCUSDT,SHORT,2022-02-25 00:00,2022-02-24 23:59,2022-02-25 00:00,36861.24,36861.24,2022-02-25 00:00,37365.10,35700.10,1665.00,37477.20,2022-02-25 00:04,,2022-02-25 00:04,stop,-0.017910,-17.910,0.000700,0.000000,,-0.01671,0.00000,0.08,1,5401,2022-02-24 23:59,2022-02-25 00:00,stop@2022-02-25 00:04:37477.20:1.000,2022-02-25 00:00|FILL|36861.24|1.000;2022-02-25 00:04|EXIT_STOP|37477.20|1.000
L-2022-03-04 07:59-77,BTCUSDT,LONG,2022-03-04 00:00,2022-03-04 07:59,2022-03-04 08:00,41522.37,41522.37,2022-03-04 08:00,41050.00,42525.30,1475.30,40926.85,2022-03-04 08:34,,2022-03-04 08:34,stop,-0.015542,-15.542,0.000700,0.000000,,-0.01434,0.00609,0.58,1,5445,2022-03-04 07:59,2022-03-04 08:00,stop@2022-03-04 08:34:40926.85:1.000,2022-03-04 08:00|FILL|41522.37|1.000;2022-03-04 08:34|EXIT_STOP|40926.85|1.000
S-2022-03-07 23:59-78,BTCUSDT,SHORT,2022-03-08 00:00,2022-03-07 23:59,2022-03-08 00:00,38862.88,38862.88,2022-03-08 02:40,39550.00,37134.00,2416.00,39668.65,2022-03-09 03:24,,2022-03-09 03:24,stop,-0.021666,-21.666,0.000700,-0.000268,2022-03-08 08:00:-0.000100;2022-03-08 16:00:-0.000100;2022-03-09 00:00:-0.000068,-0.02073,0.02220,24.75,1,5467,2022-03-07 23:59,2022-03-08 02:40,stop@2022-03-09 03:24:39668.65:1.000,2022-03-08 02:40|FILL|38862.88|1.000;2022-03-09 03:24|EXIT_STOP|39668.65|1.000
S-2022-03-13 23:59-79,BTCUSDT,SHORT,2022-03-14 00:00,2022-03-13 23:59,2022-03-14 00:00,38570.66,38570.66,2022-03-14 04:10,39053.30,37500.00,1553.30,39170.46,2022-03-14 07:59,,2022-03-14 07:59,stop,-0.016751,-16.751,0.000700,0.000000,,-0.01555,0.00942,3.83,2,5504,2022-03-14 03:59,2022-03-14 04:10,stop@2022-03-14 07:59:39170.46:1.000,2022-03-14 04:10|FILL|38570.66|1.000;2022-03-14 07:59|EXIT_STOP|39170.46|1.000
L-2022-04-12 23:59-80,BTCUSDT,LONG,2022-04-13 00:00,2022-04-12 23:59,2022-04-13 00:00,39627.85,39627.85,2022-04-13 01:15,39231.10,40410.00,1178.90,39113.41,2022-04-14 18:54,2022-04-13 14:14,2022-04-14 18:54,stop,0.013117,13.117,0.000550,0.000065,2022-04-13 08:00:+0.000008;2022-04-13 16:00:-0.000007;2022-04-14 00:00:+0.000025;2022-04-14 08:00:+0.000018;2022-04-14 16:00:+0.000022,-0.00146,0.04926,41.67,1,5683,2022-04-12 23:59,2022-04-13 01:15,tp@2022-04-13 14:14:40656.73:0.500;stop@2022-04-14 18:54:39707.10:0.500,2022-04-13 01:15|FILL|39627.85|1.000;2022-04-13 14:14|EXIT_TP|40656.73|0.500;2022-04-14 18:54|EXIT_STOP|39707.10|0.500
S-2022-05-03 07:59-81,BTCUSDT,SHORT,2022-05-03 00:00,2022-05-03 07:59,2022-05-03 08:00,38643.27,38643.27,2022-05-03 08:05,38911.60,38267.30,644.30,39028.33,2022-05-04 07:49,2022-05-03 18:09,2022-05-04 07:49,stop,0.010315,10.315,0.000550,-0.000150,2022-05-03 16:00:-0.000100;2022-05-04 00:00:-0.000050,-0.00043,0.02958,23.75,1,5805,2022-05-03 07:59,2022-05-03 08:05,tp@2022-05-03 18:09:37873.13:0.500;stop@2022-05-04 07:49:38565.98:0.500,2022-05-03 08:05|FILL|38643.27|1.000;2022-05-03 18:09|EXIT_TP|37873.13|0.500;2022-05-04 07:49|EXIT_STOP|38565.98|0.500
S-2022-05-10 03:59-82,BTCUSDT,SHORT,2022-05-10 00:00,2022-05-10 03:59,2022-05-10 04:00,31819.65,31819.65,2022-05-10 05:45,32599.30,29701.40,2897.90,32697.10,2022-05-11 13:49,2022-05-11 12:44;2022-05-11 12:44;2022-05-11 12:49,2022-05-11 13:49,stop,0.037725,37.725,0.000475,-0.000345,2022-05-10 08:00:-0.000100;2022-05-10 16:00:-0.000100;2022-05-11 00:00:-0.000076;2022-05-11 08:00:-0.000069,-0.02610,0.08861,32.08,1,5846,2022-05-10 03:59,2022-05-10 05:45,tp@2022-05-11 12:44:30064.75:0.500;tp@2022-05-11 12:44:31303.60:0.125;tp@2022-05-11 12:49:29814.48:0.125;stop@2022-05-11 13:49:31756.01:0.250,2022-05-10 05:45|FILL|31819.65|1.000;2022-05-11 12:44|EXIT_TP|30064.75|0.500;2022-05-11 12:44|EXIT_TP|31303.60|0.125;2022-05-11 12:49|EXIT_TP|29814.48|0.125;2022-05-11 13:49|EXIT_STOP|31756.01|0.250
S-2022-05-12 07:59-83,BTCUSDT,SHORT,2022-05-12 00:00,2022-05-12 07:59,2022-05-12 08:00,29313.06,29313.06,2022-05-12 14:55,30257.00,26631.00,3626.00,30347.77,2022-05-13 03:09,,2022-05-13 03:09,stop,-0.036717,-36.717,0.000700,0.000218,2022-05-12 16:00:+0.000147;2022-05-13 00:00:+0.000071,-0.03530,0.04587,12.25,2,5860,2022-05-12 11:59,2022-05-12 14:55,stop@2022-05-13 03:09:30347.77:1.000,2022-05-12 14:55|FILL|29313.06|1.000;2022-05-13 03:09|EXIT_STOP|30347.77|1.000
L-2022-05-31 19:59-84,BTCUSDT,LONG,2022-05-31 00:00,2022-05-31 19:59,2022-05-31 20:00,31601.02,31601.02,2022-05-31 20:05,31222.00,32427.50,1205.50,31128.33,2022-06-01 14:39,,2022-06-01 14:39,stop,-0.016358,-16.358,0.000700,0.000200,2022-06-01 00:00:+0.000100;2022-06-01 08:00:+0.000100,-0.01496,0.01219,18.58,1,5976,2022-05-31 19:59,2022-05-31 20:05,stop@2022-06-01 14:39:31128.33:1.000,2022-05-31 20:05|FILL|31601.02|1.000;2022-06-01 14:39|EXIT_STOP|31128.33|1.000
L-2022-06-02 11:59-85,BTCUSDT,LONG,2022-06-02 00:00,2022-06-02 11:59,2022-06-02 12:00,29804.14,29804.14,2022-06-02 13:10,29566.10,30197.00,630.90,29477.40,2022-06-03 10:34,2022-06-02 22:09,2022-06-03 10:34,stop,0.011166,11.166,0.000550,-0.000003,2022-06-02 16:00:+0.000021;2022-06-03 00:00:-0.000017;2022-06-03 08:00:-0.000007,-0.00752,0.03174,21.42,1,5986,2022-06-02 11:59,2022-06-02 13:10,tp@2022-06-02 22:09:30457.61:0.500;stop@2022-06-03 10:34:29863.75:0.500,2022-06-02 13:10|FILL|29804.14|1.000;2022-06-02 22:09|EXIT_TP|30457.61|0.500;2022-06-03 10:34|EXIT_STOP|29863.75|0.500
S-2022-06-07 23:59-86,BTCUSDT,SHORT,2022-06-08 00:00,2022-06-07 23:59,2022-06-08 00:00,30934.80,30934.80,2022-06-08 00:00,31428.80,29730.00,1698.80,31523.09,,2022-06-10 00:19;2022-06-10 16:29;2022-06-11 12:59;2022-06-11 16:19,2022-06-12 02:44,tp,0.063422,63.422,0.000400,-0.000692,2022-06-08 08:00:-0.000100;2022-06-08 16:00:-0.000100;2022-06-09 00:00:-0.000100;2022-06-09 08:00:-0.000091;2022-06-09 16:00:-0.000100;2022-06-10 00:00:-0.000100;2022-06-10 08:00:-0.000046;2022-06-10 16:00:-0.000018;2022-06-11 00:00:-0.000007;2022-06-11 08:00:-0.000001;2022-06-11 16:00:-0.000017;2022-06-12 00:00:-0.000013,-0.01261,0.11568,98.75,1,6019,2022-06-07 23:59,2022-06-08 00:00,tp@2022-06-10 00:19:29758.23:0.500;tp@2022-06-10 16:29:28827.33:0.125;tp@2022-06-11 12:59:28546.83:0.125;tp@2022-06-11 16:19:28091.80:0.125;tp@2022-06-12 02:44:27356.28:0.125,2022-06-08 00:00|FILL|30934.80|1.000;2022-06-10 00:19|EXIT_TP|29758.23|0.500;2022-06-10 16:29|EXIT_TP|28827.33|0.125;2022-06-11 12:59|EXIT_TP|28546.83|0.125;2022-06-11 16:19|EXIT_TP|28091.80|0.125;2022-06-12 02:44|EXIT_TP|27356.28|0.125
S-2022-06-12 11:59-87,BTCUSDT,SHORT,2022-06-11 00:00,2022-06-12 11:59,2022-06-12 12:00,28122.92,28122.92,2022-06-12 15:15,28530.30,27162.70,1367.60,28615.89,,2022-06-12 22:04;2022-06-12 22:04,2022-06-21 05:25,v,0.118418,118.418,0.000513,-0.000041,2022-06-12 16:00:-0.000004;2022-06-13 00:00:-0.000021;2022-06-13 08:00:+0.000012;2022-06-13 16:00:+0.000002;2022-06-14 00:00:-0.000015;2022-06-14 08:00:+0.000038;2022-06-14 16:00:+0.000019;2022-06-15 00:00:+0.000008;2022-06-15 08:00:+0.000027;2022-06-15 16:00:+0.000002;2022-06-16 00:00:+0.000015;2022-06-16 08:00:-0.000017;2022-06-16 16:00:+0.000020;2022-06-17 00:00:+0.000008;2022-06-17 08:00:+0.000036;2022-06-17 16:00:-0.000019;2022-06-18 00:00:-0.000028;2022-06-18 08:00:-0.000017;2022-06-18 16:00:-0.000020;2022-06-19 00:00:-0.000016;2022-06-19 08:00:+0.000017;2022-06-19 16:00:-0.000027;2022-06-20 00:00:-0.000003;2022-06-20 08:00:+0.000002;2022-06-20 16:00:-0.000023;2022-06-21 00:00:-0.000038,-0.00764,0.37442,206.17,1,6046,2022-06-12 11:59,2022-06-12 15:15,tp@2022-06-12 22:04:27136.99:0.500;tp@2022-06-12 22:04:27356.28:0.125;v@2022-06-21 05:25:20777.00:0.375,2022-06-12 15:15|FILL|28122.92|1.000;2022-06-12 22:04|EXIT_TP|27136.99|0.500;2022-06-12 22:04|EXIT_TP|27356.28|0.125;2022-06-21 05:24|V_DETECT|20815.95|0.000;2022-06-21 05:25|EXIT_V|20777.00|0.375
L-2022-07-17 03:59-88,BTCUSDT,LONG,2022-07-15 00:00,2022-07-17 03:59,2022-07-17 04:00,21092.68,21092.68,2022-07-17 14:00,20900.00,21449.10,549.10,20837.30,2022-07-17 17:59,,2022-07-17 17:59,stop,-0.013394,-13.394,0.000700,0.000087,2022-07-17 16:00:+0.000087,-0.01211,0.01216,4.00,3,6256,2022-07-17 11:59,2022-07-17 14:00,stop@2022-07-17 17:59:20837.30:1.000,2022-07-17 14:00|FILL|21092.68|1.000;2022-07-17 17:59|EXIT_STOP|20837.30|1.000
L-2022-07-21 03:59-89,BTCUSDT,LONG,2022-07-21 00:00,2022-07-21 03:59,2022-07-21 04:00,23191.00,23191.00,2022-07-21 04:00,22912.40,23799.00,886.60,22843.66,2022-07-21 04:04,,2022-07-21 04:04,stop,-0.016177,-16.177,0.000700,0.000000,,-0.01498,0.00000,0.08,1,6278,2022-07-21 03:59,2022-07-21 04:00,stop@2022-07-21 04:04:22843.66:1.000,2022-07-21 04:00|FILL|23191.00|1.000;2022-07-21 04:04|EXIT_STOP|22843.66|1.000
S-2022-08-22 15:59-90,BTCUSDT,SHORT,2022-08-22 00:00,2022-08-22 15:59,2022-08-22 16:00,21267.75,21267.75,2022-08-22 16:00,21477.90,20858.60,619.30,21542.33,2022-08-22 16:04,,2022-08-22 16:04,stop,-0.014111,-14.111,0.000700,0.000000,,-0.01291,0.00000,0.08,1,6473,2022-08-22 15:59,2022-08-22 16:00,stop@2022-08-22 16:04:21542.33:1.000,2022-08-22 16:00|FILL|21267.75|1.000;2022-08-22 16:04|EXIT_STOP|21542.33|1.000
S-2022-08-29 19:59-91,BTCUSDT,SHORT,2022-08-30 00:00,2022-08-29 19:59,2022-08-30 00:00,20170.27,20170.27,2022-08-30 00:00,20365.60,19795.10,570.50,20426.70,2022-08-30 04:29,,2022-08-30 04:29,stop,-0.013913,-13.913,0.000700,0.000000,,-0.01271,0.00348,4.50,2,6517,2022-08-29 23:59,2022-08-30 00:00,stop@2022-08-30 04:29:20426.70:1.000,2022-08-30 00:00|FILL|20170.27|1.000;2022-08-30 04:29|EXIT_STOP|20426.70|1.000
L-2022-09-15 19:59-92,BTCUSDT,LONG,2022-09-14 00:00,2022-09-15 19:59,2022-09-15 20:00,19685.51,19685.51,2022-09-15 22:40,19453.00,20188.70,735.70,19394.64,2022-09-16 13:59,,2022-09-16 13:59,stop,-0.016100,-16.100,0.000700,0.000124,2022-09-16 00:00:+0.000081;2022-09-16 08:00:+0.000043,-0.01478,0.00978,15.33,1,6618,2022-09-15 19:59,2022-09-15 22:40,stop@2022-09-16 13:59:19394.64:1.000,2022-09-15 22:40|FILL|19685.51|1.000;2022-09-16 13:59|EXIT_STOP|19394.64|1.000
L-2022-09-28 07:59-93,BTCUSDT,LONG,2022-09-28 00:00,2022-09-28 07:59,2022-09-28 08:00,18697.24,18697.24,2022-09-28 08:40,18460.00,19228.30,768.30,18404.62,2022-10-13 10:29,2022-09-28 14:29;2022-10-04 14:04;2022-10-04 20:29,2022-10-13 10:29,stop,0.035827,35.827,0.000475,0.001228,2022-09-28 16:00:+0.000027;2022-09-29 00:00:+0.000028;2022-09-29 08:00:+0.000038;2022-09-29 16:00:+0.000033;2022-09-30 00:00:+0.000050;2022-09-30 08:00:+0.000050;2022-09-30 16:00:+0.000050;2022-10-01 00:00:+0.000016;2022-10-01 08:00:+0.000050;2022-10-01 16:00:+0.000035;2022-10-02 00:00:+0.000021;2022-10-02 08:00:+0.000029;2022-10-02 16:00:+0.000027;2022-10-03 00:00:+0.000020;2022-10-03 08:00:+0.000042;2022-10-03 16:00:+0.000050;2022-10-04 00:00:+0.000050;2022-10-04 08:00:+0.000050;2022-10-04 16:00:+0.000038;2022-10-05 00:00:+0.000025;2022-10-05 08:00:+0.000025;2022-10-05 16:00:+0.000025;2022-10-06 00:00:+0.000025;2022-10-06 08:00:+0.000025;2022-10-06 16:00:+0.000025;2022-10-07 00:00:+0.000025;2022-10-07 08:00:+0.000025;2022-10-07 16:00:+0.000019;2022-10-08 00:00:+0.000010;2022-10-08 08:00:+0.000018;2022-10-08 16:00:+0.000010;2022-10-09 00:00:+0.000008;2022-10-09 08:00:+0.000004;2022-10-09 16:00:+0.000005;2022-10-10 00:00:+0.000016;2022-10-10 08:00:+0.000015;2022-10-10 16:00:+0.000025;2022-10-11 00:00:+0.000025;2022-10-11 08:00:+0.000025;2022-10-11 16:00:+0.000025;2022-10-12 00:00:+0.000025;2022-10-12 08:00:+0.000025;2022-10-12 16:00:+0.000025;2022-10-13 00:00:+0.000019;2022-10-13 08:00:+0.000025,-0.00742,0.09642,361.83,1,6693,2022-09-28 07:59,2022-09-28 08:40,tp@2022-09-28 14:29:19282.49:0.500;tp@2022-10-04 14:04:20223.18:0.125;tp@2022-10-04 20:29:20387.88:0.125;stop@2022-10-13 10:29:18734.64:0.250,2022-09-28 08:40|FILL|18697.24|1.000;2022-09-28 14:29|EXIT_TP|19282.49|0.500;2022-10-04 14:04|EXIT_TP|20223.18|0.125;2022-10-04 20:29|EXIT_TP|20387.88|0.125;2022-10-13 10:29|EXIT_STOP|18734.64|0.250
S-2022-11-22 11:59-94,BTCUSDT,SHORT,2022-11-22 00:00,2022-11-22 11:59,2022-11-22 12:00,15829.84,15829.84,2022-11-22 12:15,15960.00,15610.30,349.70,16007.88,2022-11-22 13:14,,2022-11-22 13:14,stop,-0.012447,-12.447,0.000700,0.000000,,-0.01125,0.00568,1.00,1,7024,2022-11-22 11:59,2022-11-22 12:15,stop@2022-11-22 13:14:16007.88:1.000,2022-11-22 12:15|FILL|15829.84|1.000;2022-11-22 13:14|EXIT_STOP|16007.88|1.000
L-2023-01-12 11:59-95,BTCUSDT,LONG,2023-01-12 00:00,2023-01-12 11:59,2023-01-12 12:00,18034.36,18034.36,2023-01-12 13:30,17902.40,18233.00,330.60,17848.69,,2023-01-12 17:39,2023-02-11 00:00,dexit,0.104393,104.393,0.000550,0.004725,2023-01-12 16:00:+0.000100;2023-01-13 00:00:+0.000050;2023-01-13 08:00:+0.000050;2023-01-13 16:00:+0.000036;2023-01-14 00:00:+0.000044;2023-01-14 08:00:+0.000229;2023-01-14 16:00:+0.000050;2023-01-15 00:00:+0.000069;2023-01-15 08:00:+0.000062;2023-01-15 16:00:+0.000099;2023-01-16 00:00:+0.000050;2023-01-16 08:00:+0.000050;2023-01-16 16:00:+0.000050;2023-01-17 00:00:+0.000050;2023-01-17 08:00:+0.000050;2023-01-17 16:00:+0.000050;2023-01-18 00:00:+0.000050;2023-01-18 08:00:+0.000050;2023-01-18 16:00:+0.000050;2023-01-19 00:00:+0.000050;2023-01-19 08:00:+0.000050;2023-01-19 16:00:+0.000050;2023-01-20 00:00:+0.000050;2023-01-20 08:00:+0.000050;2023-01-20 16:00:+0.000050;2023-01-21 00:00:+0.000050;2023-01-21 08:00:+0.000050;2023-01-21 16:00:+0.000050;2023-01-22 00:00:+0.000050;2023-01-22 08:00:+0.000050;2023-01-22 16:00:+0.000050;2023-01-23 00:00:+0.000050;2023-01-23 08:00:+0.000050;2023-01-23 16:00:+0.000050;2023-01-24 00:00:+0.000050;2023-01-24 08:00:+0.000050;2023-01-24 16:00:+0.000050;2023-01-25 00:00:+0.000050;2023-01-25 08:00:+0.000050;2023-01-25 16:00:+0.000050;2023-01-26 00:00:+0.000050;2023-01-26 08:00:+0.000050;2023-01-26 16:00:+0.000050;2023-01-27 00:00:+0.000050;2023-01-27 08:00:+0.000048;2023-01-27 16:00:+0.000050;2023-01-28 00:00:+0.000050;2023-01-28 08:00:+0.000050;2023-01-28 16:00:+0.000050;2023-01-29 00:00:+0.000050;2023-01-29 08:00:+0.000050;2023-01-29 16:00:+0.000050;2023-01-30 00:00:+0.000050;2023-01-30 08:00:+0.000050;2023-01-30 16:00:+0.000050;2023-01-31 00:00:+0.000050;2023-01-31 08:00:+0.000050;2023-01-31 16:00:+0.000050;2023-02-01 00:00:+0.000050;2023-02-01 08:00:+0.000050;2023-02-01 16:00:+0.000050;2023-02-02 00:00:+0.000050;2023-02-02 08:00:+0.000050;2023-02-02 16:00:+0.000050;2023-02-03 00:00:+0.000050;2023-02-03 08:00:+0.000050;2023-02-03 16:00:+0.000050;2023-02-04 00:00:+0.000050;2023-02-04 08:00:+0.000050;2023-02-04 16:00:+0.000050;2023-02-05 00:00:+0.000050;2023-02-05 08:00:+0.000050;2023-02-05 16:00:+0.000050;2023-02-06 00:00:+0.000050;2023-02-06 08:00:+0.000050;2023-02-06 16:00:+0.000050;2023-02-07 00:00:+0.000050;2023-02-07 08:00:+0.000050;2023-02-07 16:00:+0.000050;2023-02-08 00:00:+0.000050;2023-02-08 08:00:+0.000050;2023-02-08 16:00:+0.000050;2023-02-09 00:00:+0.000050;2023-02-09 08:00:+0.000050;2023-02-09 16:00:+0.000050;2023-02-10 00:00:+0.000050;2023-02-10 08:00:+0.000050;2023-02-10 16:00:+0.000050;2023-02-11 00:00:+0.000038,-0.00705,0.34640,706.50,1,7330,2023-01-12 11:59,2023-01-12 13:30,tp@2023-01-12 17:39:18405.70:0.500;dexit@2023-02-11 00:00:21618.60:0.500,2023-01-12 13:30|FILL|18034.36|1.000;2023-01-12 17:39|EXIT_TP|18405.70|0.500;2023-02-11 00:00|EXIT_DEXIT|21618.60|0.500
L-2023-02-16 11:59-96,BTCUSDT,LONG,2023-02-16 00:00,2023-02-16 11:59,2023-02-16 12:00,24472.91,24472.91,2023-02-16 12:10,24287.00,24764.60,477.60,24214.14,2023-02-16 20:29,2023-02-16 15:54;2023-02-16 15:54,2023-02-16 20:29,stop,0.011639,11.639,0.000513,0.000087,2023-02-16 16:00:+0.000087,-0.00658,0.03339,8.33,1,7540,2023-02-16 11:59,2023-02-16 12:10,tp@2023-02-16 15:54:24990.46:0.500;tp@2023-02-16 15:54:24688.62:0.125;stop@2023-02-16 20:29:24521.86:0.375,2023-02-16 12:10|FILL|24472.91|1.000;2023-02-16 15:54|EXIT_TP|24990.46|0.500;2023-02-16 15:54|EXIT_TP|24688.62|0.125;2023-02-16 20:29|EXIT_STOP|24521.86|0.375
L-2023-02-19 15:59-97,BTCUSDT,LONG,2023-02-18 00:00,2023-02-19 15:59,2023-02-19 16:00,24722.05,24722.05,2023-02-19 16:50,24516.70,25073.50,556.80,24443.15,2023-02-19 17:09,,2023-02-19 17:09,stop,-0.012481,-12.481,0.000700,0.000000,,-0.01128,0.00533,0.33,1,7559,2023-02-19 15:59,2023-02-19 16:50,stop@2023-02-19 17:09:24443.15:1.000,2023-02-19 16:50|FILL|24722.05|1.000;2023-02-19 17:09|EXIT_STOP|24443.15|1.000
L-2023-03-15 07:59-98,BTCUSDT,LONG,2023-03-15 00:00,2023-03-15 07:59,2023-03-15 08:00,24291.99,24291.99,2023-03-15 11:30,23951.00,25088.00,1137.00,23879.15,2023-03-15 16:09,2023-03-15 12:34;2023-03-15 12:34,2023-03-15 16:09,stop,0.017976,17.976,0.000513,0.000083,2023-03-15 16:00:+0.000083,-0.00107,0.03738,4.67,1,7701,2023-03-15 07:59,2023-03-15 11:30,tp@2023-03-15 12:34:25117.68:0.500;tp@2023-03-15 12:34:24489.01:0.125;stop@2023-03-15 16:09:24340.57:0.375,2023-03-15 11:30|FILL|24291.99|1.000;2023-03-15 12:34|EXIT_TP|25117.68|0.500;2023-03-15 12:34|EXIT_TP|24489.01|0.125;2023-03-15 16:09|EXIT_STOP|24340.57|0.375
L-2023-03-18 03:59-99,BTCUSDT,LONG,2023-03-18 00:00,2023-03-18 03:59,2023-03-18 04:00,26686.98,26686.98,2023-03-18 16:30,26250.00,27763.40,1513.40,26171.25,2023-03-22 19:54,2023-03-19 15:59,2023-03-22 19:54,stop,0.019054,19.054,0.000550,0.000472,2023-03-19 00:00:+0.000100;2023-03-19 08:00:+0.000100;2023-03-19 16:00:+0.000050;2023-03-20 00:00:+0.000050;2023-03-20 08:00:+0.000045;2023-03-20 16:00:+0.000050;2023-03-21 00:00:+0.000041;2023-03-21 08:00:+0.000006;2023-03-21 16:00:+0.000001;2023-03-22 00:00:+0.000001;2023-03-22 08:00:+0.000000;2023-03-22 16:00:+0.000027,-0.00493,0.08221,99.42,4,7721,2023-03-18 15:59,2023-03-18 16:30,tp@2023-03-19 15:59:27718.45:0.500;stop@2023-03-22 19:54:26740.36:0.500,2023-03-18 16:30|FILL|26686.98|1.000;2023-03-19 15:59|EXIT_TP|27718.45|0.500;2023-03-22 19:54|EXIT_STOP|26740.36|0.500
L-2023-03-22 23:59-100,BTCUSDT,LONG,2023-03-20 00:00,2023-03-22 23:59,2023-03-23 00:00,27235.06,27235.06,2023-03-23 00:00,26620.00,28881.00,2261.00,26540.14,2023-03-24 21:24,2023-03-23 15:19,2023-03-24 21:24,stop,0.025526,25.526,0.000550,0.000189,2023-03-23 08:00:-0.000011;2023-03-23 16:00:+0.000050;2023-03-24 00:00:+0.000050;2023-03-24 08:00:+0.000050;2023-03-24 16:00:+0.000050,-0.00492,0.05662,45.42,1,7747,2023-03-22 23:59,2023-03-23 00:00,tp@2023-03-23 15:19:28624.89:0.500;stop@2023-03-24 21:24:27289.53:0.500,2023-03-23 00:00|FILL|27235.06|1.000;2023-03-23 15:19|EXIT_TP|28624.89|0.500;2023-03-24 21:24|EXIT_STOP|27289.53|0.500
L-2023-03-30 03:59-101,BTCUSDT,LONG,2023-03-30 00:00,2023-03-30 03:59,2023-03-30 04:00,28456.02,28456.02,2023-03-30 04:00,28119.50,29184.80,1065.30,28035.14,2023-03-30 16:19,,2023-03-30 16:19,stop,-0.016058,-16.058,0.000700,0.000068,2023-03-30 08:00:+0.000056;2023-03-30 16:00:+0.000011,-0.01479,0.01068,12.33,1,7790,2023-03-30 03:59,2023-03-30 04:00,stop@2023-03-30 16:19:28035.14:1.000,2023-03-30 04:00|FILL|28456.02|1.000;2023-03-30 16:19|EXIT_STOP|28035.14|1.000
L-2023-04-27 11:59-102,BTCUSDT,LONG,2023-04-27 00:00,2023-04-27 11:59,2023-04-27 12:00,28665.16,28665.16,2023-04-27 12:35,28365.30,29272.60,907.30,28280.20,2023-05-01 01:39,2023-04-27 15:24,2023-05-01 01:39,stop,0.013342,13.342,0.000550,0.000288,2023-04-27 16:00:+0.000016;2023-04-28 00:00:+0.000050;2023-04-28 08:00:+0.000050;2023-04-28 16:00:+0.000022;2023-04-29 00:00:+0.000000;2023-04-29 08:00:+0.000034;2023-04-29 16:00:+0.000039;2023-04-30 00:00:+0.000016;2023-04-30 08:00:+0.000018;2023-04-30 16:00:+0.000030;2023-05-01 00:00:+0.000012,-0.00053,0.04482,85.08,1,7960,2023-04-27 11:59,2023-04-27 12:35,tp@2023-04-27 15:24:29435.08:0.500;stop@2023-05-01 01:39:28722.49:0.500,2023-04-27 12:35|FILL|28665.16|1.000;2023-04-27 15:24|EXIT_TP|29435.08|0.500;2023-05-01 01:39|EXIT_STOP|28722.49|0.500
S-2023-06-06 15:59-103,BTCUSDT,SHORT,2023-06-06 00:00,2023-06-06 15:59,2023-06-06 16:00,25648.12,25648.12,2023-06-06 16:00,25850.00,25321.60,528.40,25927.55,2023-06-06 16:04,,2023-06-06 16:04,stop,-0.012095,-12.095,0.000700,0.000000,,-0.01089,0.00000,0.08,1,8201,2023-06-06 15:59,2023-06-06 16:00,stop@2023-06-06 16:04:25927.55:1.000,2023-06-06 16:00|FILL|25648.12|1.000;2023-06-06 16:04|EXIT_STOP|25927.55|1.000
S-2023-06-15 11:59-104,BTCUSDT,SHORT,2023-06-15 00:00,2023-06-15 11:59,2023-06-15 12:00,25023.96,25023.96,2023-06-15 12:00,25198.80,24777.00,421.80,25274.40,2023-06-15 18:54,,2023-06-15 18:54,stop,-0.011141,-11.141,0.000700,-0.000067,2023-06-15 16:00:-0.000067,-0.01001,0.00452,6.92,1,8254,2023-06-15 11:59,2023-06-15 12:00,stop@2023-06-15 18:54:25274.40:1.000,2023-06-15 12:00|FILL|25023.96|1.000;2023-06-15 18:54|EXIT_STOP|25274.40|1.000
L-2023-06-23 23:59-105,BTCUSDT,LONG,2023-06-24 00:00,2023-06-23 23:59,2023-06-24 00:00,30355.19,30355.19,2023-06-24 15:30,29901.10,31440.50,1539.40,29811.40,2023-06-28 19:34,,2023-06-28 19:34,stop,-0.020353,-20.353,0.000700,0.001239,2023-06-24 16:00:+0.000100;2023-06-25 00:00:+0.000100;2023-06-25 08:00:+0.000100;2023-06-25 16:00:+0.000100;2023-06-26 00:00:+0.000100;2023-06-26 08:00:+0.000100;2023-06-26 16:00:+0.000100;2023-06-27 00:00:+0.000100;2023-06-27 08:00:+0.000100;2023-06-27 16:00:+0.000100;2023-06-28 00:00:+0.000100;2023-06-28 08:00:+0.000093;2023-06-28 16:00:+0.000046,-0.01791,0.02299,100.08,4,8308,2023-06-24 11:59,2023-06-24 15:30,stop@2023-06-28 19:34:29811.40:1.000,2023-06-24 15:30|FILL|30355.19|1.000;2023-06-28 19:34|EXIT_STOP|29811.40|1.000
S-2023-08-24 07:59-106,BTCUSDT,SHORT,2023-08-24 00:00,2023-08-24 07:59,2023-08-24 08:00,26545.06,26545.06,2023-08-24 09:05,26714.80,26334.00,380.80,26794.94,2023-08-29 14:24,2023-08-24 15:14,2023-08-29 14:24,stop,0.009824,9.824,0.000550,-0.000210,2023-08-24 16:00:-0.000024;2023-08-25 00:00:+0.000003;2023-08-25 08:00:-0.000014;2023-08-25 16:00:-0.000026;2023-08-26 00:00:-0.000019;2023-08-26 08:00:-0.000027;2023-08-26 16:00:-0.000010;2023-08-27 00:00:-0.000000;2023-08-27 08:00:-0.000020;2023-08-27 16:00:-0.000006;2023-08-28 00:00:+0.000002;2023-08-28 08:00:-0.000022;2023-08-28 16:00:-0.000023;2023-08-29 00:00:-0.000004;2023-08-29 08:00:-0.000019,-0.00088,0.02979,125.33,1,8673,2023-08-24 07:59,2023-08-24 09:05,tp@2023-08-24 15:14:26045.28:0.500;stop@2023-08-29 14:24:26491.97:0.500,2023-08-24 09:05|FILL|26545.06|1.000;2023-08-24 15:14|EXIT_TP|26045.28|0.500;2023-08-29 14:24|EXIT_STOP|26491.97|0.500
L-2023-10-20 19:59-107,BTCUSDT,LONG,2023-10-21 00:00,2023-10-20 19:59,2023-10-21 00:00,29464.33,29464.33,2023-10-21 02:35,29214.40,29900.00,685.60,29126.76,,2023-10-21 17:49,2024-01-12 22:05,v,0.214806,214.806,0.000550,0.017820,2023-10-21 08:00:+0.000044;2023-10-21 16:00:+0.000058;2023-10-22 00:00:+0.000013;2023-10-22 08:00:+0.000013;2023-10-22 16:00:+0.000016;2023-10-23 00:00:+0.000041;2023-10-23 08:00:+0.000048;2023-10-23 16:00:+0.000003;2023-10-24 00:00:+0.000050;2023-10-24 08:00:+0.000050;2023-10-24 16:00:+0.000050;2023-10-25 00:00:+0.000050;2023-10-25 08:00:+0.000050;2023-10-25 16:00:+0.000050;2023-10-26 00:00:+0.000050;2023-10-26 08:00:+0.000050;2023-10-26 16:00:+0.000050;2023-10-27 00:00:+0.000050;2023-10-27 08:00:+0.000050;2023-10-27 16:00:+0.000050;2023-10-28 00:00:+0.000050;2023-10-28 08:00:+0.000050;2023-10-28 16:00:+0.000050;2023-10-29 00:00:+0.000050;2023-10-29 08:00:+0.000050;2023-10-29 16:00:+0.000050;2023-10-30 00:00:+0.000050;2023-10-30 08:00:+0.000050;2023-10-30 16:00:+0.000050;2023-10-31 00:00:+0.000050;2023-10-31 08:00:+0.000050;2023-10-31 16:00:+0.000050;2023-11-01 00:00:+0.000050;2023-11-01 08:00:+0.000050;2023-11-01 16:00:+0.000050;2023-11-02 00:00:+0.000050;2023-11-02 08:00:+0.000050;2023-11-02 16:00:+0.000050;2023-11-03 00:00:+0.000050;2023-11-03 08:00:+0.000050;2023-11-03 16:00:+0.000050;2023-11-04 00:00:+0.000050;2023-11-04 08:00:+0.000050;2023-11-04 16:00:+0.000050;2023-11-05 00:00:+0.000050;2023-11-05 08:00:+0.000050;2023-11-05 16:00:+0.000050;2023-11-06 00:00:+0.000050;2023-11-06 08:00:+0.000050;2023-11-06 16:00:+0.000050;2023-11-07 00:00:+0.000050;2023-11-07 08:00:+0.000050;2023-11-07 16:00:+0.000050;2023-11-08 00:00:+0.000050;2023-11-08 08:00:+0.000050;2023-11-08 16:00:+0.000050;2023-11-09 00:00:+0.000050;2023-11-09 08:00:+0.000050;2023-11-09 16:00:+0.000100;2023-11-10 00:00:+0.000050;2023-11-10 08:00:+0.000058;2023-11-10 16:00:+0.000050;2023-11-11 00:00:+0.000050;2023-11-11 08:00:+0.000083;2023-11-11 16:00:+0.000073;2023-11-12 00:00:+0.000077;2023-11-12 08:00:+0.000117;2023-11-12 16:00:+0.000136;2023-11-13 00:00:+0.000162;2023-11-13 08:00:+0.000054;2023-11-13 16:00:+0.000102;2023-11-14 00:00:+0.000087;2023-11-14 08:00:+0.000082;2023-11-14 16:00:+0.000072;2023-11-15 00:00:+0.000050;2023-11-15 08:00:+0.000050;2023-11-15 16:00:+0.000050;2023-11-16 00:00:+0.000050;2023-11-16 08:00:+0.000076;2023-11-16 16:00:+0.000060;2023-11-17 00:00:+0.000050;2023-11-17 08:00:+0.000050;2023-11-17 16:00:+0.000050;2023-11-18 00:00:+0.000050;2023-11-18 08:00:+0.000050;2023-11-18 16:00:+0.000050;2023-11-19 00:00:+0.000050;2023-11-19 08:00:+0.000050;2023-11-19 16:00:+0.000050;2023-11-20 00:00:+0.000050;2023-11-20 08:00:+0.000050;2023-11-20 16:00:+0.000050;2023-11-21 00:00:+0.000050;2023-11-21 08:00:+0.000050;2023-11-21 16:00:+0.000050;2023-11-22 00:00:+0.000050;2023-11-22 08:00:+0.000050;2023-11-22 16:00:+0.000050;2023-11-23 00:00:+0.000050;2023-11-23 08:00:+0.000050;2023-11-23 16:00:+0.000050;2023-11-24 00:00:+0.000050;2023-11-24 08:00:+0.000050;2023-11-24 16:00:+0.000050;2023-11-25 00:00:+0.000050;2023-11-25 08:00:+0.000050;2023-11-25 16:00:+0.000050;2023-11-26 00:00:+0.000050;2023-11-26 08:00:+0.000050;2023-11-26 16:00:+0.000050;2023-11-27 00:00:+0.000050;2023-11-27 08:00:+0.000050;2023-11-27 16:00:+0.000050;2023-11-28 00:00:+0.000050;2023-11-28 08:00:+0.000050;2023-11-28 16:00:+0.000050;2023-11-29 00:00:+0.000050;2023-11-29 08:00:+0.000050;2023-11-29 16:00:+0.000050;2023-11-30 00:00:+0.000050;2023-11-30 08:00:+0.000050;2023-11-30 16:00:+0.000050;2023-12-01 00:00:+0.000050;2023-12-01 08:00:+0.000050;2023-12-01 16:00:+0.000050;2023-12-02 00:00:+0.000050;2023-12-02 08:00:+0.000035;2023-12-02 16:00:+0.000043;2023-12-03 00:00:+0.000050;2023-12-03 08:00:+0.000050;2023-12-03 16:00:+0.000050;2023-12-04 00:00:+0.000050;2023-12-04 08:00:+0.000050;2023-12-04 16:00:+0.000050;2023-12-05 00:00:+0.000050;2023-12-05 08:00:+0.000050;2023-12-05 16:00:+0.000050;2023-12-06 00:00:+0.000050;2023-12-06 08:00:+0.000050;2023-12-06 16:00:+0.000050;2023-12-07 00:00:+0.000050;2023-12-07 08:00:+0.000050;2023-12-07 16:00:+0.000050;2023-12-08 00:00:+0.000050;2023-12-08 08:00:+0.000116;2023-12-08 16:00:+0.000101;2023-12-09 00:00:+0.000058;2023-12-09 08:00:+0.000151;2023-12-09 16:00:+0.000086;2023-12-10 00:00:+0.000104;2023-12-10 08:00:+0.000102;2023-12-10 16:00:+0.000120;2023-12-11 00:00:+0.000074;2023-12-11 08:00:+0.000050;2023-12-11 16:00:+0.000050;2023-12-12 00:00:+0.000050;2023-12-12 08:00:+0.000050;2023-12-12 16:00:+0.000050;2023-12-13 00:00:+0.000060;2023-12-13 08:00:+0.000051;2023-12-13 16:00:+0.000063;2023-12-14 00:00:+0.000050;2023-12-14 08:00:+0.000050;2023-12-14 16:00:+0.000050;2023-12-15 00:00:+0.000050;2023-12-15 08:00:+0.000050;2023-12-15 16:00:+0.000050;2023-12-16 00:00:+0.000050;2023-12-16 08:00:+0.000050;2023-12-16 16:00:+0.000050;2023-12-17 00:00:+0.000050;2023-12-17 08:00:+0.000050;2023-12-17 16:00:+0.000050;2023-12-18 00:00:+0.000067;2023-12-18 08:00:+0.000050;2023-12-18 16:00:+0.000078;2023-12-19 00:00:+0.000050;2023-12-19 08:00:+0.000050;2023-12-19 16:00:+0.000050;2023-12-20 00:00:+0.000053;2023-12-20 08:00:+0.000050;2023-12-20 16:00:+0.000118;2023-12-21 00:00:+0.000136;2023-12-21 08:00:+0.000146;2023-12-21 16:00:+0.000145;2023-12-22 00:00:+0.000154;2023-12-22 08:00:+0.000148;2023-12-22 16:00:+0.000090;2023-12-23 00:00:+0.000081;2023-12-23 08:00:+0.000050;2023-12-23 16:00:+0.000075;2023-12-24 00:00:+0.000050;2023-12-24 08:00:+0.000104;2023-12-24 16:00:+0.000099;2023-12-25 00:00:+0.000050;2023-12-25 08:00:+0.000050;2023-12-25 16:00:+0.000190;2023-12-26 00:00:+0.000217;2023-12-26 08:00:+0.000119;2023-12-26 16:00:+0.000148;2023-12-27 00:00:+0.000138;2023-12-27 08:00:+0.000190;2023-12-27 16:00:+0.000162;2023-12-28 00:00:+0.000065;2023-12-28 08:00:+0.000189;2023-12-28 16:00:+0.000251;2023-12-29 00:00:+0.000276;2023-12-29 08:00:+0.000250;2023-12-29 16:00:+0.000235;2023-12-30 00:00:+0.000165;2023-12-30 08:00:+0.000218;2023-12-30 16:00:+0.000189;2023-12-31 00:00:+0.000139;2023-12-31 08:00:+0.000173;2023-12-31 16:00:+0.000168;2024-01-01 00:00:+0.000187;2024-01-01 08:00:+0.000136;2024-01-01 16:00:+0.000168;2024-01-02 00:00:+0.000329;2024-01-02 08:00:+0.000176;2024-01-02 16:00:+0.000269;2024-01-03 00:00:+0.000106;2024-01-03 08:00:+0.000086;2024-01-03 16:00:+0.000050;2024-01-04 00:00:+0.000050;2024-01-04 08:00:+0.000050;2024-01-04 16:00:+0.000050;2024-01-05 00:00:+0.000050;2024-01-05 08:00:+0.000050;2024-01-05 16:00:+0.000050;2024-01-06 00:00:+0.000050;2024-01-06 08:00:+0.000050;2024-01-06 16:00:+0.000050;2024-01-07 00:00:+0.000050;2024-01-07 08:00:+0.000050;2024-01-07 16:00:+0.000050;2024-01-08 00:00:+0.000050;2024-01-08 08:00:+0.000050;2024-01-08 16:00:+0.000050;2024-01-09 00:00:+0.000050;2024-01-09 08:00:+0.000050;2024-01-09 16:00:+0.000050;2024-01-10 00:00:+0.000050;2024-01-10 08:00:+0.000050;2024-01-10 16:00:+0.000050;2024-01-11 00:00:+0.000050;2024-01-11 08:00:+0.000050;2024-01-11 16:00:+0.000050;2024-01-12 00:00:+0.000050;2024-01-12 08:00:+0.000050;2024-01-12 16:00:+0.000050,-0.00071,0.66396,2011.50,2,9019,2023-10-20 23:59,2023-10-21 02:35,tp@2023-10-21 17:49:30139.48:0.500;v@2024-01-12 22:05:42529.90:0.500,2023-10-21 02:35|FILL|29464.33|1.000;2023-10-21 17:49|EXIT_TP|30139.48|0.500;2024-01-12 22:04|V_DETECT|43175.00|0.000;2024-01-12 22:05|EXIT_V|42529.90|0.500
L-2024-03-03 23:59-108,BTCUSDT,LONG,2024-03-02 00:00,2024-03-03 23:59,2024-03-04 00:00,62413.37,62413.37,2024-03-04 00:45,61885.60,63330.90,1445.30,61699.94,2024-03-05 19:39,2024-03-04 01:29;2024-03-04 14:39;2024-03-04 17:24;2024-03-05 15:04,2024-03-05 19:39,stop,0.039843,39.843,0.000438,0.000913,2024-03-04 08:00:+0.000234;2024-03-04 16:00:+0.000239;2024-03-05 00:00:+0.000122;2024-03-05 08:00:+0.000207;2024-03-05 16:00:+0.000110,-0.00183,0.11114,42.92,1,9829,2024-03-03 23:59,2024-03-04 00:45,tp@2024-03-04 01:29:63840.23:0.500;tp@2024-03-04 14:39:65912.39:0.125;tp@2024-03-04 17:24:67091.26:0.125;tp@2024-03-05 15:04:69003.65:0.125;stop@2024-03-05 19:39:62538.20:0.125,2024-03-04 00:45|FILL|62413.37|1.000;2024-03-04 01:29|EXIT_TP|63840.23|0.500;2024-03-04 14:39|EXIT_TP|65912.39|0.125;2024-03-04 17:24|EXIT_TP|67091.26|0.125;2024-03-05 15:04|EXIT_TP|69003.65|0.125;2024-03-05 19:39|EXIT_STOP|62538.20|0.125
L-2024-03-10 11:59-109,BTCUSDT,LONG,2024-03-09 00:00,2024-03-10 11:59,2024-03-10 12:00,68878.52,68878.52,2024-03-10 14:40,68262.50,69999.80,1737.30,68057.71,2024-03-11 00:54,,2024-03-11 00:54,stop,-0.014016,-14.016,0.000700,0.000900,2024-03-10 16:00:+0.000545;2024-03-11 00:00:+0.000355,-0.01192,0.01404,10.25,1,9868,2024-03-10 11:59,2024-03-10 14:40,stop@2024-03-11 00:54:68057.71:1.000,2024-03-10 14:40|FILL|68878.52|1.000;2024-03-11 00:54|EXIT_STOP|68057.71|1.000
L-2024-04-07 23:59-110,BTCUSDT,LONG,2024-04-07 00:00,2024-04-07 23:59,2024-04-08 00:00,69446.25,69446.25,2024-04-08 00:00,68881.30,70395.00,1513.70,68674.66,2024-04-09 08:09,2024-04-08 08:04;2024-04-08 08:54,2024-04-09 08:09,stop,0.015874,15.874,0.000513,0.000388,2024-04-08 08:00:+0.000100;2024-04-08 16:00:+0.000132;2024-04-09 00:00:+0.000078;2024-04-09 08:00:+0.000077,-0.00584,0.04959,32.17,1,10039,2024-04-07 23:59,2024-04-08 00:00,tp@2024-04-08 08:04:70989.43:0.500;tp@2024-04-08 08:54:72280.32:0.125;stop@2024-04-09 08:09:69585.14:0.375,2024-04-08 00:00|FILL|69446.25|1.000;2024-04-08 08:04|EXIT_TP|70989.43|0.500;2024-04-08 08:54|EXIT_TP|72280.32|0.125;2024-04-09 08:09|EXIT_STOP|69585.14|0.375
L-2024-04-13 23:59-111,BTCUSDT,LONG,2024-04-14 00:00,2024-04-13 23:59,2024-04-14 00:00,64724.23,64724.23,2024-04-14 00:00,63530.00,67770.00,4240.00,63339.41,,,2024-04-14 00:05,v,-0.008909,-8.909,0.000700,0.000000,,-0.01484,0.00000,0.08,1,10075,2024-04-13 23:59,2024-04-14 00:00,v@2024-04-14 00:05:64192.90:1.000,2024-04-14 00:00|FILL|64724.23|1.000;2024-04-14 00:04|V_DETECT|65086.86|0.000;2024-04-14 00:05|EXIT_V|64192.90|1.000
S-2024-04-17 23:59-112,BTCUSDT,SHORT,2024-04-18 00:00,2024-04-17 23:59,2024-04-18 00:00,61984.29,61984.29,2024-04-18 03:05,62957.20,59625.00,3332.20,63146.07,2024-04-18 14:14,,2024-04-18 14:14,stop,-0.019883,-19.883,0.000700,-0.000060,2024-04-18 08:00:-0.000060,-0.01874,0.01969,11.17,1,10099,2024-04-17 23:59,2024-04-18 03:05,stop@2024-04-18 14:14:63146.07:1.000,2024-04-18 03:05|FILL|61984.29|1.000;2024-04-18 14:14|EXIT_STOP|63146.07|1.000
S-2024-04-19 19:59-113,BTCUSDT,SHORT,2024-04-21 00:00,2024-04-19 19:59,2024-04-21 00:00,64812.39,64812.39,2024-04-21 00:00,65480.00,63477.50,2002.50,65676.44,2024-04-21 03:09,,2024-04-21 03:09,stop,-0.014532,-14.532,0.000700,0.000000,,-0.01333,0.00373,3.17,8,10117,2024-04-20 23:59,2024-04-21 00:00,stop@2024-04-21 03:09:65676.44:1.000,2024-04-21 00:00|FILL|64812.39|1.000;2024-04-21 03:09|EXIT_STOP|65676.44|1.000
S-2024-05-04 03:59-114,BTCUSDT,SHORT,2024-05-04 00:00,2024-05-04 03:59,2024-05-04 04:00,62813.15,62813.15,2024-05-04 04:00,63333.00,61931.10,1401.90,63523.00,2024-05-04 10:44,,2024-05-04 10:44,stop,-0.012426,-12.426,0.000700,-0.000075,2024-05-04 08:00:-0.000075,-0.01130,0.00256,6.75,1,10196,2024-05-04 03:59,2024-05-04 04:00,stop@2024-05-04 10:44:63523.00:1.000,2024-05-04 04:00|FILL|62813.15|1.000;2024-05-04 10:44|EXIT_STOP|63523.00|1.000
L-2024-05-16 03:59-115,BTCUSDT,LONG,2024-05-16 00:00,2024-05-16 03:59,2024-05-16 04:00,65340.08,65340.08,2024-05-16 15:00,64681.50,66644.00,1962.50,64487.46,,2024-05-17 15:19;2024-05-17 15:19;2024-05-17 15:19;2024-05-19 10:34,2024-05-20 19:24,tp,0.027770,27.770,0.000400,0.000150,2024-05-16 16:00:+0.000035;2024-05-17 00:00:+0.000046;2024-05-17 08:00:+0.000008;2024-05-17 16:00:-0.000001;2024-05-18 00:00:+0.000002;2024-05-18 08:00:+0.000020;2024-05-18 16:00:-0.000002;2024-05-19 00:00:+0.000008;2024-05-19 08:00:+0.000013;2024-05-19 16:00:+0.000006;2024-05-20 00:00:+0.000007;2024-05-20 08:00:+0.000003;2024-05-20 16:00:+0.000003,-0.01183,0.05270,100.42,3,10270,2024-05-16 11:59,2024-05-16 15:00,tp@2024-05-17 15:19:67045.34:0.500;tp@2024-05-17 15:19:66275.68:0.125;tp@2024-05-17 15:19:66753.84:0.125;tp@2024-05-19 10:34:67529.52:0.125;tp@2024-05-20 19:24:68783.36:0.125,2024-05-16 15:00|FILL|65340.08|1.000;2024-05-17 15:19|EXIT_TP|67045.34|0.500;2024-05-17 15:19|EXIT_TP|66275.68|0.125;2024-05-17 15:19|EXIT_TP|66753.84|0.125;2024-05-19 10:34|EXIT_TP|67529.52|0.125;2024-05-20 19:24|EXIT_TP|68783.36|0.125
S-2024-07-05 11:59-116,BTCUSDT,SHORT,2024-07-05 00:00,2024-07-05 11:59,2024-07-05 12:00,56371.66,56371.66,2024-07-05 15:05,57533.40,53329.50,4203.90,57706.00,2024-07-06 16:29,,2024-07-06 16:29,stop,-0.024688,-24.688,0.000700,-0.000183,2024-07-05 16:00:-0.000018;2024-07-06 00:00:-0.000057;2024-07-06 08:00:-0.000075;2024-07-06 16:00:-0.000032,-0.02367,0.01046,25.42,1,10570,2024-07-05 11:59,2024-07-05 15:05,stop@2024-07-06 16:29:57706.00:1.000,2024-07-05 15:05|FILL|56371.66|1.000;2024-07-06 16:29|EXIT_STOP|57706.00|1.000
L-2024-08-28 19:59-117,BTCUSDT,LONG,2024-08-29 00:00,2024-08-28 19:59,2024-08-29 00:00,58984.94,58984.94,2024-08-29 00:00,58400.00,60131.00,1731.00,58224.80,2024-08-29 18:49,2024-08-29 13:39,2024-08-29 18:49,stop,0.013101,13.101,0.000550,-0.000014,2024-08-29 08:00:-0.000016;2024-08-29 16:00:+0.000003,-0.00256,0.03662,18.83,2,10897,2024-08-28 23:59,2024-08-29 00:00,tp@2024-08-29 13:39:60505.22:0.500;stop@2024-08-29 18:49:59102.91:0.500,2024-08-29 00:00|FILL|58984.94|1.000;2024-08-29 13:39|EXIT_TP|60505.22|0.500;2024-08-29 18:49|EXIT_STOP|59102.91|0.500
L-2024-10-15 07:59-118,BTCUSDT,LONG,2024-10-15 00:00,2024-10-15 07:59,2024-10-15 08:00,65735.54,65735.54,2024-10-15 08:00,65300.00,66312.40,1012.40,65104.10,2024-10-15 14:39,2024-10-15 13:54;2024-10-15 13:54;2024-10-15 14:04,2024-10-15 14:39,stop,0.015244,15.244,0.000475,0.000000,,-0.00731,0.03374,6.67,1,11181,2024-10-15 07:59,2024-10-15 08:00,tp@2024-10-15 13:54:66998.43:0.500;tp@2024-10-15 13:54:66591.49:0.125;tp@2024-10-15 14:04:67897.08:0.125;stop@2024-10-15 14:39:65867.01:0.250,2024-10-15 08:00|FILL|65735.54|1.000;2024-10-15 13:54|EXIT_TP|66998.43|0.500;2024-10-15 13:54|EXIT_TP|66591.49|0.125;2024-10-15 14:04|EXIT_TP|67897.08|0.125;2024-10-15 14:39|EXIT_STOP|65867.01|0.250
L-2024-11-07 03:59-119,BTCUSDT,LONG,2024-11-07 00:00,2024-11-07 03:59,2024-11-07 04:00,74897.90,74897.90,2024-11-07 04:05,74134.50,76420.00,2285.50,73912.10,,2024-11-07 20:24;2024-11-07 20:24;2024-11-10 02:29,2024-12-05 22:30,v,0.078797,78.797,0.000475,0.003975,2024-11-07 08:00:+0.000100;2024-11-07 16:00:+0.000100;2024-11-08 00:00:+0.000038;2024-11-08 08:00:+0.000038;2024-11-08 16:00:+0.000038;2024-11-09 00:00:+0.000038;2024-11-09 08:00:+0.000038;2024-11-09 16:00:+0.000038;2024-11-10 00:00:+0.000038;2024-11-10 08:00:+0.000064;2024-11-10 16:00:+0.000035;2024-11-11 00:00:+0.000092;2024-11-11 08:00:+0.000025;2024-11-11 16:00:+0.000025;2024-11-12 00:00:+0.000123;2024-11-12 08:00:+0.000109;2024-11-12 16:00:+0.000097;2024-11-13 00:00:+0.000025;2024-11-13 08:00:+0.000033;2024-11-13 16:00:+0.000055;2024-11-14 00:00:+0.000025;2024-11-14 08:00:+0.000025;2024-11-14 16:00:+0.000025;2024-11-15 00:00:+0.000025;2024-11-15 08:00:+0.000025;2024-11-15 16:00:+0.000027;2024-11-16 00:00:+0.000025;2024-11-16 08:00:+0.000025;2024-11-16 16:00:+0.000033;2024-11-17 00:00:+0.000039;2024-11-17 08:00:+0.000025;2024-11-17 16:00:+0.000026;2024-11-18 00:00:+0.000025;2024-11-18 08:00:+0.000091;2024-11-18 16:00:+0.000053;2024-11-19 00:00:+0.000054;2024-11-19 08:00:+0.000076;2024-11-19 16:00:+0.000045;2024-11-20 00:00:+0.000025;2024-11-20 08:00:+0.000025;2024-11-20 16:00:+0.000025;2024-11-21 00:00:+0.000025;2024-11-21 08:00:+0.000025;2024-11-21 16:00:+0.000025;2024-11-22 00:00:+0.000025;2024-11-22 08:00:+0.000025;2024-11-22 16:00:+0.000025;2024-11-23 00:00:+0.000025;2024-11-23 08:00:+0.000025;2024-11-23 16:00:+0.000025;2024-11-24 00:00:+0.000025;2024-11-24 08:00:+0.000040;2024-11-24 16:00:+0.000058;2024-11-25 00:00:+0.000053;2024-11-25 08:00:+0.000025;2024-11-25 16:00:+0.000063;2024-11-26 00:00:+0.000055;2024-11-26 08:00:+0.000045;2024-11-26 16:00:+0.000074;2024-11-27 00:00:+0.000078;2024-11-27 08:00:+0.000042;2024-11-27 16:00:+0.000025;2024-11-28 00:00:+0.000025;2024-11-28 08:00:+0.000036;2024-11-28 16:00:+0.000030;2024-11-29 00:00:+0.000052;2024-11-29 08:00:+0.000029;2024-11-29 16:00:+0.000055;2024-11-30 00:00:+0.000025;2024-11-30 08:00:+0.000040;2024-11-30 16:00:+0.000030;2024-12-01 00:00:+0.000040;2024-12-01 08:00:+0.000049;2024-12-01 16:00:+0.000025;2024-12-02 00:00:+0.000064;2024-12-02 08:00:+0.000061;2024-12-02 16:00:+0.000033;2024-12-03 00:00:+0.000032;2024-12-03 08:00:+0.000062;2024-12-03 16:00:+0.000030;2024-12-04 00:00:+0.000067;2024-12-04 08:00:+0.000066;2024-12-04 16:00:+0.000058;2024-12-05 00:00:+0.000069;2024-12-05 08:00:+0.000181;2024-12-05 16:00:+0.000118,-0.00598,0.39697,690.42,1,11318,2024-11-07 03:59,2024-11-07 04:05,tp@2024-11-07 20:24:76869.51:0.500;tp@2024-11-07 20:24:75966.13:0.125;tp@2024-11-10 02:29:77415.50:0.125;v@2024-12-05 22:30:94101.90:0.250,2024-11-07 04:05|FILL|74897.90|1.000;2024-11-07 20:24|EXIT_TP|76869.51|0.500;2024-11-07 20:24|EXIT_TP|75966.13|0.125;2024-11-10 02:29|EXIT_TP|77415.50|0.125;2024-12-05 22:29|V_DETECT|90791.10|0.000;2024-12-05 22:30|EXIT_V|94101.90|0.250
S-2024-12-31 15:59-120,BTCUSDT,SHORT,2024-12-31 00:00,2024-12-31 15:59,2024-12-31 16:00,93998.09,93998.09,2024-12-31 16:00,94738.40,92800.00,1938.40,95022.62,2024-12-31 16:04,,2024-12-31 16:04,stop,-0.012099,-12.099,0.000700,0.000000,,-0.01090,0.00000,0.08,1,11645,2024-12-31 15:59,2024-12-31 16:00,stop@2024-12-31 16:04:95022.62:1.000,2024-12-31 16:00|FILL|93998.09|1.000;2024-12-31 16:04|EXIT_STOP|95022.62|1.000
L-2025-01-31 23:59-121,BTCUSDT,LONG,2025-02-01 00:00,2025-01-31 23:59,2025-02-01 00:00,103219.87,103219.87,2025-02-01 00:00,102100.00,105537.00,3437.00,101793.70,2025-02-01 08:54,,2025-02-01 08:54,stop,-0.015070,-15.070,0.000700,0.000054,2025-02-01 08:00:+0.000054,-0.01382,0.00000,8.92,1,11833,2025-01-31 23:59,2025-02-01 00:00,stop@2025-02-01 08:54:101793.70:1.000,2025-02-01 00:00|FILL|103219.87|1.000;2025-02-01 08:54|EXIT_STOP|101793.70|1.000
S-2025-02-12 23:59-122,BTCUSDT,SHORT,2025-02-13 00:00,2025-02-12 23:59,2025-02-13 00:00,96789.02,96789.02,2025-02-13 00:00,97700.00,95074.00,2626.00,97993.10,2025-02-13 01:49,,2025-02-13 01:49,stop,-0.013640,-13.640,0.000700,0.000000,,-0.01244,0.00000,1.83,1,11905,2025-02-12 23:59,2025-02-13 00:00,stop@2025-02-13 01:49:97993.10:1.000,2025-02-13 00:00|FILL|96789.02|1.000;2025-02-13 01:49|EXIT_STOP|97993.10|1.000
S-2025-03-01 15:59-123,BTCUSDT,SHORT,2025-03-01 00:00,2025-03-01 15:59,2025-03-01 16:00,85731.90,85731.90,2025-03-01 21:45,86516.50,84285.00,2231.50,86776.05,2025-03-02 15:29,,2025-03-02 15:29,stop,-0.013418,-13.418,0.000700,0.000039,2025-03-02 00:00:+0.000011;2025-03-02 08:00:+0.000028,-0.01218,0.00836,17.75,2,12006,2025-03-01 19:59,2025-03-01 21:45,stop@2025-03-02 15:29:86776.05:1.000,2025-03-01 21:45|FILL|85731.90|1.000;2025-03-02 15:29|EXIT_STOP|86776.05|1.000
S-2025-03-05 23:59-124,BTCUSDT,SHORT,2025-03-06 00:00,2025-03-05 23:59,2025-03-06 00:00,89838.75,89838.75,2025-03-06 00:00,90897.10,87558.00,3339.10,91169.79,2025-03-06 01:49,,2025-03-06 01:49,stop,-0.016016,-16.016,0.000700,0.000000,,-0.01482,0.00000,1.83,1,12031,2025-03-05 23:59,2025-03-06 00:00,stop@2025-03-06 01:49:91169.79:1.000,2025-03-06 00:00|FILL|89838.75|1.000;2025-03-06 01:49|EXIT_STOP|91169.79|1.000
S-2025-03-11 23:59-125,BTCUSDT,SHORT,2025-03-12 00:00,2025-03-11 23:59,2025-03-12 00:00,82643.32,82643.32,2025-03-12 00:00,83600.00,80600.00,3000.00,83850.80,2025-03-12 12:34,,2025-03-12 12:34,stop,-0.015753,-15.753,0.000700,-0.000058,2025-03-12 08:00:-0.000058,-0.01461,0.01686,12.58,1,12067,2025-03-11 23:59,2025-03-12 00:00,stop@2025-03-12 12:34:83850.80:1.000,2025-03-12 00:00|FILL|82643.32|1.000;2025-03-12 12:34|EXIT_STOP|83850.80|1.000
L-2025-04-02 23:59-126,BTCUSDT,LONG,2025-04-03 00:00,2025-04-02 23:59,2025-04-03 00:00,85642.17,85642.17,2025-04-03 00:00,84424.10,88500.00,4075.90,84170.83,2025-04-03 00:04,,2025-04-03 00:04,stop,-0.018380,-18.380,0.000700,0.000000,,-0.01718,0.00000,0.08,1,12199,2025-04-02 23:59,2025-04-03 00:00,stop@2025-04-03 00:04:84170.83:1.000,2025-04-03 00:00|FILL|85642.17|1.000;2025-04-03 00:04|EXIT_STOP|84170.83|1.000
S-2025-04-09 11:59-127,BTCUSDT,SHORT,2025-04-09 00:00,2025-04-09 11:59,2025-04-09 12:00,76977.69,76977.69,2025-04-09 12:55,77906.60,74952.00,2954.60,78140.32,2025-04-09 14:04,,2025-04-09 14:04,stop,-0.016304,-16.304,0.000700,0.000000,,-0.01510,0.00405,1.17,1,12238,2025-04-09 11:59,2025-04-09 12:55,stop@2025-04-09 14:04:78140.32:1.000,2025-04-09 12:55|FILL|76977.69|1.000;2025-04-09 14:04|EXIT_STOP|78140.32|1.000
L-2025-04-12 23:59-128,BTCUSDT,LONG,2025-04-12 00:00,2025-04-12 23:59,2025-04-13 00:00,84263.21,84263.21,2025-04-13 08:10,83432.60,85884.20,2451.60,83182.30,2025-04-13 19:44,,2025-04-13 19:44,stop,-0.014124,-14.124,0.000700,0.000096,2025-04-13 16:00:+0.000096,-0.01283,0.00874,11.58,3,12261,2025-04-13 07:59,2025-04-13 08:10,stop@2025-04-13 19:44:83182.30:1.000,2025-04-13 08:10|FILL|84263.21|1.000;2025-04-13 19:44|EXIT_STOP|83182.30|1.000
L-2025-06-10 03:59-129,BTCUSDT,LONG,2025-06-10 00:00,2025-06-10 03:59,2025-06-10 04:00,108617.57,108617.57,2025-06-10 14:30,107563.40,110653.60,3090.20,107240.71,2025-06-12 10:29,,2025-06-12 10:29,stop,-0.014271,-14.271,0.000700,0.000395,2025-06-10 16:00:+0.000082;2025-06-11 00:00:+0.000088;2025-06-11 08:00:+0.000084;2025-06-11 16:00:+0.000050;2025-06-12 00:00:+0.000019;2025-06-12 08:00:+0.000072,-0.01268,0.01611,44.00,3,12610,2025-06-10 11:59,2025-06-10 14:30,stop@2025-06-12 10:29:107240.71:1.000,2025-06-10 14:30|FILL|108617.57|1.000;2025-06-12 10:29|EXIT_STOP|107240.71|1.000
L-2025-08-12 23:59-130,BTCUSDT,LONG,2025-08-12 00:00,2025-08-12 23:59,2025-08-13 00:00,119071.25,119071.25,2025-08-13 02:15,118234.80,120270.00,2035.20,117880.10,,2025-08-13 13:54;2025-08-13 13:54;2025-08-13 13:54;2025-08-13 13:54,2025-08-13 22:44,tp,0.020162,20.162,0.000400,0.000113,2025-08-13 08:00:+0.000100;2025-08-13 16:00:+0.000013,-0.00203,0.03659,20.50,1,12991,2025-08-12 23:59,2025-08-13 02:15,tp@2025-08-13 13:54:121453.57:0.500;tp@2025-08-13 13:54:120283.63:0.125;tp@2025-08-13 13:54:120883.13:0.125;tp@2025-08-13 13:54:121855.65:0.125;tp@2025-08-13 22:44:123427.68:0.125,2025-08-13 02:15|FILL|119071.25|1.000;2025-08-13 13:54|EXIT_TP|121453.57|0.500;2025-08-13 13:54|EXIT_TP|120283.63|0.125;2025-08-13 13:54|EXIT_TP|120883.13|0.125;2025-08-13 13:54|EXIT_TP|121855.65|0.125;2025-08-13 22:44|EXIT_TP|123427.68|0.125
S-2025-10-30 23:59-131,BTCUSDT,SHORT,2025-10-31 00:00,2025-10-30 23:59,2025-10-31 00:00,108575.03,108575.03,2025-10-31 00:10,109736.30,106200.00,3536.30,110065.51,2025-10-31 04:44,,2025-10-31 04:44,stop,-0.014928,-14.928,0.000700,0.000000,,-0.01373,0.00195,4.58,1,13465,2025-10-30 23:59,2025-10-31 00:10,stop@2025-10-31 04:44:110065.51:1.000,2025-10-31 00:10|FILL|108575.03|1.000;2025-10-31 04:44|EXIT_STOP|110065.51|1.000
S-2025-11-14 23:59-132,BTCUSDT,SHORT,2025-11-14 00:00,2025-11-14 23:59,2025-11-15 00:00,96280.16,96280.16,2025-11-15 02:55,97377.60,93955.00,3422.60,97669.73,,2025-11-16 21:44;2025-11-16 21:44;2025-11-17 19:49,2025-11-25 00:00,dexit,0.043960,43.960,0.000475,-0.000735,2025-11-15 08:00:-0.000100;2025-11-15 16:00:-0.000059;2025-11-16 00:00:-0.000077;2025-11-16 08:00:-0.000100;2025-11-16 16:00:-0.000071;2025-11-17 00:00:-0.000038;2025-11-17 08:00:-0.000036;2025-11-17 16:00:-0.000027;2025-11-18 00:00:-0.000025;2025-11-18 08:00:-0.000025;2025-11-18 16:00:-0.000009;2025-11-19 00:00:-0.000019;2025-11-19 08:00:-0.000013;2025-11-19 16:00:-0.000010;2025-11-20 00:00:-0.000011;2025-11-20 08:00:-0.000025;2025-11-20 16:00:-0.000022;2025-11-21 00:00:-0.000011;2025-11-21 08:00:-0.000011;2025-11-21 16:00:-0.000007;2025-11-22 00:00:-0.000003;2025-11-22 08:00:-0.000017;2025-11-22 16:00:-0.000013;2025-11-23 00:00:-0.000010;2025-11-23 08:00:-0.000000;2025-11-23 16:00:+0.000002;2025-11-24 00:00:+0.000000;2025-11-24 08:00:+0.000000;2025-11-24 16:00:-0.000013;2025-11-25 00:00:+0.000013,-0.00540,0.16286,237.08,1,13555,2025-11-14 23:59,2025-11-15 02:55,tp@2025-11-16 21:44:93501.00:0.500;tp@2025-11-16 21:44:94434.61:0.125;tp@2025-11-17 19:49:91648.47:0.125;dexit@2025-11-25 00:00:88247.10:0.250,2025-11-15 02:55|FILL|96280.16|1.000;2025-11-16 21:44|EXIT_TP|93501.00|0.500;2025-11-16 21:44|EXIT_TP|94434.61|0.125;2025-11-17 19:49|EXIT_TP|91648.47|0.125;2025-11-25 00:00|EXIT_DEXIT|88247.10|0.250
L-2025-12-03 11:59-133,BTCUSDT,LONG,2025-12-03 00:00,2025-12-03 11:59,2025-12-03 12:00,91932.56,91932.56,2025-12-03 14:00,90954.80,93932.70,2977.90,90681.94,2025-12-05 13:29,,2025-12-05 13:29,stop,-0.015002,-15.002,0.000700,0.000199,2025-12-03 16:00:-0.000009;2025-12-04 00:00:-0.000004;2025-12-04 08:00:+0.000074;2025-12-04 16:00:+0.000039;2025-12-05 00:00:+0.000048;2025-12-05 08:00:+0.000049,-0.01360,0.02450,47.50,1,13666,2025-12-03 11:59,2025-12-03 14:00,stop@2025-12-05 13:29:90681.94:1.000,2025-12-03 14:00|FILL|91932.56|1.000;2025-12-05 13:29|EXIT_STOP|90681.94|1.000
L-2026-01-08 11:59-134,BTCUSDT,LONG,2026-01-08 00:00,2026-01-08 11:59,2026-01-08 12:00,90228.38,90228.38,2026-01-08 12:00,89588.10,91157.60,1569.50,89319.34,2026-01-08 14:29,,2026-01-08 14:29,stop,-0.011275,-11.275,0.000700,0.000000,,-0.01007,0.00000,2.50,1,13882,2026-01-08 11:59,2026-01-08 12:00,stop@2026-01-08 14:29:89319.34:1.000,2026-01-08 12:00|FILL|90228.38|1.000;2026-01-08 14:29|EXIT_STOP|89319.34|1.000
S-2026-02-03 03:59-135,BTCUSDT,SHORT,2026-02-03 00:00,2026-02-03 03:59,2026-02-03 04:00,78650.62,78650.62,2026-02-03 04:00,79311.00,77515.60,1795.40,79548.93,,2026-02-03 16:24;2026-02-03 18:49;2026-02-04 17:44;2026-02-05 11:24,2026-02-05 17:24,tp,0.062572,62.572,0.000400,-0.000066,2026-02-03 08:00:-0.000022;2026-02-03 16:00:+0.000005;2026-02-04 00:00:-0.000000;2026-02-04 08:00:-0.000013;2026-02-04 16:00:-0.000017;2026-02-05 00:00:-0.000023;2026-02-05 08:00:-0.000001;2026-02-05 16:00:+0.000006,-0.00507,0.15459,61.42,1,14036,2026-02-03 03:59,2026-02-03 04:00,tp@2026-02-03 16:24:76854.01:0.500;tp@2026-02-03 18:49:73524.60:0.125;tp@2026-02-04 17:44:72183.60:0.125;tp@2026-02-05 11:24:70008.20:0.125;tp@2026-02-05 17:24:66491.80:0.125,2026-02-03 04:00|FILL|78650.62|1.000;2026-02-03 16:24|EXIT_TP|76854.01|0.500;2026-02-03 18:49|EXIT_TP|73524.60|0.125;2026-02-04 17:44|EXIT_TP|72183.60|0.125;2026-02-05 11:24|EXIT_TP|70008.20|0.125;2026-02-05 17:24|EXIT_TP|66491.80|0.125
S-2026-02-06 07:59-136,BTCUSDT,SHORT,2026-02-06 00:00,2026-02-06 07:59,2026-02-06 08:00,64319.96,64319.96,2026-02-06 08:00,65969.50,59800.00,6169.50,66167.41,2026-02-06 10:24,,2026-02-06 10:24,stop,-0.029923,-29.923,0.000700,0.000000,,-0.02872,0.00000,2.42,1,14055,2026-02-06 07:59,2026-02-06 08:00,stop@2026-02-06 10:24:66167.41:1.000,2026-02-06 08:00|FILL|64319.96|1.000;2026-02-06 10:24|EXIT_STOP|66167.41|1.000
S-2026-02-07 15:59-137,BTCUSDT,SHORT,2026-02-08 00:00,2026-02-07 15:59,2026-02-08 00:00,70500.87,70500.87,2026-02-08 08:30,71690.00,67550.20,4139.80,71905.07,2026-02-08 23:09,,2026-02-08 23:09,stop,-0.021166,-21.166,0.000700,0.000049,2026-02-08 16:00:+0.000049,-0.01992,0.00939,14.67,5,14067,2026-02-08 07:59,2026-02-08 08:30,stop@2026-02-08 23:09:71905.07:1.000,2026-02-08 08:30|FILL|70500.87|1.000;2026-02-08 23:09|EXIT_STOP|71905.07|1.000
S-2026-02-24 11:59-138,BTCUSDT,SHORT,2026-02-24 00:00,2026-02-24 11:59,2026-02-24 12:00,64238.01,64238.01,2026-02-24 16:00,64980.00,62655.00,2325.00,65174.94,2026-02-25 01:14,,2026-02-25 01:14,stop,-0.015762,-15.762,0.000700,-0.000024,2026-02-25 00:00:-0.000024,-0.01459,0.00892,9.25,2,14165,2026-02-24 15:59,2026-02-24 16:00,stop@2026-02-25 01:14:65174.94:1.000,2026-02-24 16:00|FILL|64238.01|1.000;2026-02-25 01:14|EXIT_STOP|65174.94|1.000
S-2026-06-25 11:59-139,BTCUSDT,SHORT,2026-06-25 00:00,2026-06-25 11:59,2026-06-25 12:00,61468.91,61468.91,2026-06-25 12:30,61931.10,60756.40,1174.70,62116.89,2026-07-02 09:54,2026-06-25 13:44;2026-06-25 13:44;2026-06-25 13:44;2026-06-25 13:54,2026-07-02 09:54,stop,0.018145,18.145,0.000438,-0.000135,2026-06-25 16:00:-0.000002;2026-06-26 00:00:-0.000007;2026-06-26 08:00:-0.000007;2026-06-26 16:00:-0.000009;2026-06-27 00:00:-0.000007;2026-06-27 08:00:-0.000005;2026-06-27 16:00:-0.000005;2026-06-28 00:00:-0.000005;2026-06-28 08:00:-0.000002;2026-06-28 16:00:-0.000006;2026-06-29 00:00:-0.000004;2026-06-29 08:00:-0.000009;2026-06-29 16:00:-0.000011;2026-06-30 00:00:-0.000008;2026-06-30 08:00:-0.000010;2026-06-30 16:00:-0.000004;2026-07-01 00:00:-0.000007;2026-07-01 08:00:-0.000002;2026-07-01 16:00:-0.000009;2026-07-02 00:00:-0.000010;2026-07-02 08:00:-0.000007,-0.00446,0.06036,165.42,1,14890,2026-06-25 11:59,2026-06-25 12:30,tp@2026-06-25 13:44:60172.94:0.500;tp@2026-06-25 13:44:61087.33:0.125;tp@2026-06-25 13:44:60354.40:0.125;tp@2026-06-25 13:54:59169.66:0.125;stop@2026-07-02 09:54:61345.97:0.125,2026-06-25 12:30|FILL|61468.91|1.000;2026-06-25 13:44|EXIT_TP|60172.94|0.500;2026-06-25 13:44|EXIT_TP|61087.33|0.125;2026-06-25 13:44|EXIT_TP|60354.40|0.125;2026-06-25 13:54|EXIT_TP|59169.66|0.125;2026-07-02 09:54|EXIT_STOP|61345.97|0.125
L-2026-08-21 23:59-140,BTCUSDT,LONG,2026-08-22 00:00,2026-08-21 23:59,2026-08-22 00:00,77060.27,77060.27,2026-08-22 05:10,76237.00,78748.80,2511.80,76008.29,2026-08-23 05:14,,2026-08-23 05:14,stop,-0.015151,-15.151,0.000700,0.000300,2026-08-22 08:00:+0.000100;2026-08-22 16:00:+0.000100;2026-08-23 00:00:+0.000100,-0.01365,0.01012,24.08,2,15236,2026-08-22 03:59,2026-08-22 05:10,stop@2026-08-23 05:14:76008.29:1.000,2026-08-22 05:10|FILL|77060.27|1.000;2026-08-23 05:14|EXIT_STOP|76008.29|1.000
L-2026-08-25 03:59-141,BTCUSDT,LONG,2026-08-25 00:00,2026-08-25 03:59,2026-08-25 04:00,79322.33,79322.33,2026-08-25 07:50,78410.00,81270.50,2860.50,78174.77,2026-08-25 13:54,,2026-08-25 13:54,stop,-0.015767,-15.767,0.000700,0.000100,2026-08-25 08:00:+0.000100,-0.01447,0.01151,6.08,1,15254,2026-08-25 03:59,2026-08-25 07:50,stop@2026-08-25 13:54:78174.77:1.000,2026-08-25 07:50|FILL|79322.33|1.000;2026-08-25 13:54|EXIT_STOP|78174.77|1.000
