i,side,entry_bar,exit_bar,entry,stop0,expected,result,r_net,funding,mae,hold_h,age,fills
0,S,2019-12-15 12:00,2019-12-17 16:00,7135.1959,7217.5880,7135.1959,tp,0.032158,0.000304,-0.002075,56.0,1,tp@2019-12-16 16:00:6970.4116:0.500;tp@2019-12-16 16:00:6967.2820:0.125;tp@2019-12-16 16:00:6905.8120:0.125;tp@2019-12-17 12:00:6806.0940:0.125;tp@2019-12-17 16:00:6644.9060:0.125
1,S,2019-12-21 00:00,2019-12-22 16:00,7172.5856,7251.6900,7172.5856,stop,-0.011813,-0.000416,-0.003125,44.0,1,stop@2019-12-22 16:00:7251.6900:1.000
2,L,2020-01-08 16:00,2020-01-08 20:00,8098.0967,7928.1440,8098.0967,stop,-0.022287,0.000100,-0.016508,8.0,3,stop@2020-01-08 20:00:7928.1440:1.000
3,L,2020-01-12 04:00,2020-02-19 20:00,8096.1293,7979.8584,8096.1293,v,0.079345,0.026950,-0.005231,932.0,1,tp@2020-01-14 00:00:8328.6710:0.500;v@2020-02-19 20:00:9593.6500:0.500
4,S,2020-03-01 12:00,2020-03-02 08:00,8729.4709,8826.2295,8729.4709,stop,0.011738,-0.000454,-0.003754,24.0,7,tp@2020-03-01 16:00:8535.9537:0.500;stop@2020-03-02 08:00:8712.0120:0.500
5,S,2020-03-11 20:00,2020-03-12 08:00,7964.5427,8065.5342,7964.5427,tp,0.035940,-0.000118,-0.002945,16.0,4,tp@2020-03-12 00:00:7762.5597:0.500;tp@2020-03-12 00:00:7826.5520:0.125;tp@2020-03-12 00:00:7719.6320:0.125;tp@2020-03-12 04:00:7546.1840:0.125;tp@2020-03-12 08:00:7265.8160:0.125
6,S,2020-03-15 12:00,2020-03-15 20:00,5519.8074,5706.8293,5519.8074,stop,-0.035570,0.000488,-0.013912,12.0,2,stop@2020-03-15 20:00:5706.8293:1.000
7,L,2020-03-20 16:00,2020-03-20 20:00,6275.7870,6036.8350,6275.7870,stop,-0.039275,0.000000,-0.018886,8.0,2,stop@2020-03-20 20:00:6036.8350:1.000
8,L,2020-03-22 08:00,2020-03-22 12:00,6170.7469,6054.8009,6170.7469,stop,-0.020090,0.000100,-0.007414,8.0,1,stop@2020-03-22 12:00:6054.8009:1.000
9,L,2020-04-09 00:00,2020-04-09 08:00,7260.4442,7170.4240,7260.4442,stop,-0.013499,-0.000100,-0.003434,12.0,1,stop@2020-04-09 08:00:7170.4240:1.000
10,S,2020-04-15 04:00,2020-04-16 04:00,6914.5324,6996.5268,6914.5324,stop,0.022981,0.000058,-0.002092,28.0,1,tp@2020-04-15 08:00:6750.5436:0.500;tp@2020-04-15 20:00:6634.9023:0.125;tp@2020-04-16 00:00:6570.1284:0.125;stop@2020-04-16 04:00:6900.7033:0.250
11,S,2020-04-18 04:00,2020-04-18 12:00,7115.0630,7212.4928,7115.0630,stop,-0.015065,0.000171,-0.000432,12.0,7,stop@2020-04-18 12:00:7212.4928:1.000
12,L,2020-04-28 00:00,2020-04-29 12:00,7683.7831,7601.1081,7683.7831,tp,0.035740,0.000338,-0.002771,40.0,1,tp@2020-04-29 00:00:7849.1332:0.500;tp@2020-04-29 04:00:7882.1020:0.125;tp@2020-04-29 08:00:7970.9320:0.125;tp@2020-04-29 08:00:8115.0340:0.125;tp@2020-04-29 12:00:8347.9660:0.125
13,L,2020-05-24 00:00,2020-05-24 12:00,9143.9994,9049.6693,9143.9994,stop,-0.011695,0.000179,-0.006015,16.0,1,stop@2020-05-24 12:00:9049.6693:1.000
14,L,2020-06-04 08:00,2020-06-07 12:00,9472.4164,9354.1830,9472.4164,stop,0.012132,0.000550,-0.003422,80.0,5,tp@2020-06-04 12:00:9708.8831:0.500;stop@2020-06-07 12:00:9491.3612:0.500
15,S,2020-06-16 16:00,2020-06-22 12:00,9503.1261,9601.1272,9503.1261,stop,0.010889,-0.000377,-0.006932,144.0,1,tp@2020-06-17 16:00:9307.1238:0.500;stop@2020-06-22 12:00:9484.1198:0.500
16,S,2020-06-28 08:00,2020-06-28 16:00,9058.8607,9174.4410,9058.8607,stop,-0.013810,-0.000149,-0.012699,12.0,2,stop@2020-06-28 16:00:9174.4410:1.000
17,L,2020-08-03 00:00,2020-08-04 12:00,11038.7213,10882.6737,11038.7213,stop,0.013350,0.000987,-0.010483,40.0,1,tp@2020-08-03 12:00:11350.8163:0.500;stop@2020-08-04 12:00:11060.7987:0.500
18,L,2020-09-02 00:00,2020-09-02 04:00,11906.3929,11776.5640,11906.3929,stop,-0.012104,0.000000,-0.006015,8.0,2,stop@2020-09-02 04:00:11776.5640:1.000
19,S,2020-09-06 04:00,2020-09-06 20:00,10173.6396,10333.0966,10173.6396,stop,-0.016674,-0.000200,-0.012715,20.0,1,stop@2020-09-06 20:00:10333.0966:1.000
20,L,2020-09-29 04:00,2020-10-01 16:00,10720.7245,10595.3084,10720.7245,stop,-0.013673,0.000774,-0.008324,64.0,1,stop@2020-10-01 16:00:10595.3084:1.000
21,L,2020-10-28 04:00,2020-10-28 08:00,13636.1876,13472.2018,13636.1876,stop,-0.013326,0.000100,-0.008430,8.0,1,stop@2020-10-28 08:00:13472.2018:1.000
22,L,2020-11-08 00:00,2020-11-09 16:00,14803.7914,14511.3350,14803.7914,stop,0.020579,0.000250,-0.006336,44.0,1,tp@2020-11-08 12:00:15388.7043:0.500;tp@2020-11-08 12:00:14925.0300:0.125;stop@2020-11-09 16:00:14833.3990:0.375
23,L,2020-12-04 16:00,2020-12-04 20:00,18973.7967,18693.7500,18973.7967,stop,-0.015960,0.000000,-0.008200,8.0,1,stop@2020-12-04 20:00:18693.7500:1.000
24,L,2020-12-29 04:00,2021-01-02 16:00,26292.0803,25772.4500,26292.0803,tp,0.100097,0.003183,-0.014418,112.0,6,tp@2020-12-29 20:00:27331.3410:0.500;tp@2021-01-01 00:00:29386.6220:0.125;tp@2021-01-02 12:00:29981.2520:0.125;tp@2021-01-02 12:00:30945.8740:0.125;tp@2021-01-02 16:00:32505.1260:0.125
25,L,2021-01-09 04:00,2021-01-10 08:00,39336.9173,38539.0350,39336.9173,stop,0.021102,0.002219,-0.015345,32.0,1,tp@2021-01-09 08:00:40932.6818:0.500;tp@2021-01-09 08:00:40277.1420:0.125;stop@2021-01-10 08:00:39415.5911:0.375
26,S,2021-01-12 00:00,2021-01-12 04:00,34890.3344,36509.1900,34890.3344,stop,-0.047598,0.000000,-0.018521,8.0,2,stop@2021-01-12 04:00:36509.1900:1.000
27,S,2021-01-18 08:00,2021-01-18 12:00,36311.3103,37008.6940,36311.3103,stop,-0.019912,-0.000493,-0.011007,8.0,2,stop@2021-01-18 12:00:37008.6940:1.000
28,S,2021-01-21 00:00,2021-01-29 08:00,35269.5211,36092.9550,35269.5211,stop,0.047772,-0.002178,-0.010396,204.0,2,tp@2021-01-21 08:00:33622.6532:0.500;tp@2021-01-22 00:00:29006.7200:0.125;stop@2021-01-29 08:00:35198.9820:0.375
29,L,2021-02-11 00:00,2021-02-23 04:00,44591.5387,43638.6900,44591.5387,v,0.052785,0.015672,-0.012392,296.0,2,tp@2021-02-11 08:00:46497.2361:0.500;tp@2021-02-11 08:00:46306.9883:0.125;v@2021-02-23 04:00:49680.0000:0.375
30,L,2021-03-22 00:00,2021-03-22 12:00,56619.5402,55746.2580,56619.5402,stop,0.014649,0.000975,-0.005114,16.0,1,tp@2021-03-22 08:00:58366.1046:0.500;stop@2021-03-22 12:00:56732.7793:0.500
31,S,2021-04-25 12:00,2021-04-26 00:00,50438.7605,51200.0307,50438.7605,stop,0.025857,-0.000125,-0.002759,16.0,2,tp@2021-04-25 20:00:48916.2201:0.500;tp@2021-04-25 20:00:48898.5858:0.125;tp@2021-04-25 20:00:47645.5428:0.125;stop@2021-04-26 00:00:50337.8830:0.250
32,L,2021-05-01 12:00,2021-05-02 04:00,57102.6287,56281.7268,57102.6287,stop,-0.016059,0.000483,-0.013212,20.0,2,stop@2021-05-02 04:00:56281.7268:1.000
33,L,2021-05-03 00:00,2021-05-03 20:00,56565.3685,55931.7000,56565.3685,stop,0.010482,0.000921,-0.000098,24.0,3,tp@2021-05-03 00:00:57832.7056:0.500;stop@2021-05-03 20:00:56678.4993:0.500
34,S,2021-05-17 20:00,2021-05-18 00:00,44860.5382,46011.8226,44860.5382,stop,0.026137,-0.000273,-0.002997,8.0,1,tp@2021-05-17 20:00:42557.9695:0.500;stop@2021-05-18 00:00:44770.8171:0.500
35,S,2021-05-19 20:00,2021-05-20 12:00,37868.1138,40975.5590,37868.1138,stop,-0.083060,-0.000200,-0.077424,20.0,1,stop@2021-05-20 12:00:40975.5590:1.000
36,S,2021-05-21 00:00,2021-05-25 00:00,41304.7893,42587.3800,41304.7893,v,0.075447,0.000006,-0.023378,100.0,2,tp@2021-05-21 12:00:38739.6078:0.500;tp@2021-05-21 12:00:40126.1820:0.125;tp@2021-05-21 12:00:37837.6890:0.125;tp@2021-05-21 20:00:34138.4810:0.125;v@2021-05-25 00:00:38300.2700:0.125
37,L,2021-06-03 00:00,2021-06-04 00:00,37444.7609,36954.8020,37444.7609,stop,0.013035,0.000250,-0.007868,28.0,1,tp@2021-06-03 04:00:38424.6787:0.500;stop@2021-06-04 00:00:37519.6504:0.500
38,L,2021-07-07 20:00,2021-07-08 00:00,33803.3848,33399.5000,33803.3848,stop,-0.013162,0.000014,-0.001388,8.0,6,stop@2021-07-08 00:00:33399.5000:1.000
39,S,2021-07-17 08:00,2021-07-18 00:00,31890.6250,32341.7350,31890.6250,stop,-0.015265,-0.000080,-0.001705,20.0,2,stop@2021-07-18 00:00:32341.7350:1.000
40,L,2021-08-22 20:00,2021-08-24 12:00,48500.7234,47931.5826,48500.7234,stop,0.019062,0.000228,-0.004945,44.0,1,tp@2021-08-23 00:00:49639.0051:0.500;tp@2021-08-23 00:00:48927.2900:0.125;tp@2021-08-23 00:00:49410.1400:0.125;tp@2021-08-23 00:00:50193.4300:0.125;stop@2021-08-24 12:00:48597.7249:0.125
41,L,2021-09-03 20:00,2021-09-07 12:00,49881.5131,49158.5207,49881.5131,stop,0.025852,0.001179,-0.010455,92.0,1,tp@2021-09-05 20:00:51327.4980:0.500;tp@2021-09-05 20:00:51120.5000:0.125;tp@2021-09-05 20:00:51503.0000:0.125;tp@2021-09-06 08:00:52123.5000:0.125;stop@2021-09-07 12:00:49981.2761:0.125
42,S,2021-09-22 04:00,2021-09-22 16:00,42256.1219,43402.6284,42256.1219,stop,-0.028132,-0.000200,-0.024467,16.0,1,stop@2021-09-22 16:00:43402.6284:1.000
43,L,2021-09-26 00:00,2021-09-26 04:00,42067.5438,41505.3692,42067.5438,stop,-0.014588,0.000025,-0.004320,8.0,3,stop@2021-09-26 04:00:41505.3692:1.000
44,L,2021-10-07 20:00,2021-10-08 20:00,53860.6206,53214.2170,53860.6206,stop,0.012837,0.000618,-0.003961,28.0,1,tp@2021-10-08 08:00:55153.4279:0.500;tp@2021-10-08 08:00:54465.1356:0.125;stop@2021-10-08 20:00:53968.3418:0.375
45,L,2021-10-09 00:00,2021-10-10 20:00,54414.5529,53486.3581,54414.5529,stop,0.016492,0.000766,-0.013928,48.0,3,tp@2021-10-10 20:00:56270.9424:0.500;stop@2021-10-10 20:00:54523.3820:0.500
46,L,2021-10-18 12:00,2021-10-22 16:00,59961.5466,58673.4500,59961.5466,stop,0.053407,0.000828,-0.001066,104.0,2,tp@2021-10-19 00:00:62537.7398:0.500;tp@2021-10-19 16:00:64254.8840:0.125;tp@2021-10-20 12:00:65069.7440:0.125;tp@2021-10-20 12:00:66391.6280:0.125;stop@2021-10-22 16:00:60081.4697:0.125
47,L,2021-10-30 04:00,2021-10-31 08:00,61485.0528,60572.5755,61485.0528,stop,-0.017337,0.001297,-0.013887,32.0,2,stop@2021-10-31 08:00:60572.5755:1.000
48,L,2021-11-12 12:00,2021-11-15 20:00,63300.3186,62213.3085,63300.3186,stop,0.028460,0.001547,-0.015597,84.0,8,tp@2021-11-14 20:00:65474.3389:0.500;tp@2021-11-14 20:00:64980.2900:0.125;tp@2021-11-14 20:00:65418.1400:0.125;tp@2021-11-15 00:00:66128.4300:0.125;stop@2021-11-15 20:00:63426.9192:0.125
49,S,2021-11-19 12:00,2021-11-20 00:00,57632.5904,58661.6686,57632.5904,stop,-0.018856,-0.000200,-0.012153,16.0,2,stop@2021-11-20 00:00:58661.6686:1.000
50,S,2021-12-06 12:00,2021-12-06 20:00,48915.2231,49848.5885,48915.2231,stop,-0.020181,-0.000100,-0.009687,12.0,1,stop@2021-12-06 20:00:49848.5885:1.000
51,S,2021-12-14 08:00,2021-12-14 20:00,47358.3153,48043.7000,47358.3153,stop,-0.015584,-0.000088,-0.012676,16.0,2,stop@2021-12-14 20:00:48043.7000:1.000
52,S,2021-12-18 04:00,2021-12-19 00:00,46833.5964,47572.2900,46833.5964,stop,-0.016726,-0.000247,-0.010749,24.0,2,stop@2021-12-19 00:00:47572.2900:1.000
53,S,2022-01-08 00:00,2022-01-08 20:00,42242.0806,43088.8800,42242.0806,stop,0.021951,-0.000300,-0.000125,24.0,2,tp@2022-01-08 16:00:40548.4818:0.500;tp@2022-01-08 16:00:41716.6200:0.125;stop@2022-01-08 20:00:42157.5964:0.375
54,S,2022-01-22 20:00,2022-01-23 20:00,35609.1103,36289.6232,35609.1103,stop,-0.020239,-0.000072,-0.014292,28.0,1,stop@2022-01-23 20:00:36289.6232:1.000
55,S,2022-01-25 12:00,2022-01-26 04:00,37040.9841,37640.5840,37040.9841,stop,-0.017481,0.000093,-0.014040,20.0,3,stop@2022-01-26 04:00:37640.5840:1.000
56,L,2022-01-30 00:00,2022-01-31 00:00,37718.5671,37140.2440,37718.5671,stop,-0.016874,0.000341,-0.010174,28.0,1,stop@2022-01-31 00:00:37140.2440:1.000
57,L,2022-02-12 00:00,2022-02-12 04:00,42574.7490,41919.9717,42574.7490,stop,-0.016679,0.000100,-0.009977,8.0,1,stop@2022-02-12 04:00:41919.9717:1.000
58,S,2022-02-25 12:00,2022-02-27 12:00,39723.2588,40497.2283,39723.2588,stop,0.020028,-0.000344,-0.018071,52.0,2,tp@2022-02-27 00:00:38175.3199:0.500;stop@2022-02-27 12:00:39643.8123:0.500
59,S,2022-03-08 00:00,2022-03-09 00:00,38862.8845,39668.6500,38862.8845,stop,-0.021632,-0.000302,-0.012290,28.0,1,stop@2022-03-09 00:00:39668.6500:1.000
60,S,2022-03-14 16:00,2022-03-14 20:00,39008.4804,39405.2622,39008.4804,stop,-0.011345,-0.000027,-0.000680,8.0,1,stop@2022-03-14 20:00:39405.2622:1.000
61,L,2022-04-13 00:00,2022-04-14 16:00,39627.8484,39113.4067,39627.8484,stop,0.013134,0.000048,-0.001465,44.0,1,tp@2022-04-13 12:00:40656.7317:0.500;stop@2022-04-14 16:00:39707.1041:0.500
62,S,2022-05-03 08:00,2022-05-04 04:00,38643.2666,39028.3348,38643.2666,stop,0.010315,-0.000150,-0.000425,24.0,1,tp@2022-05-03 16:00:37873.1301:0.500;stop@2022-05-04 04:00:38565.9800:0.500
63,S,2022-05-10 12:00,2022-05-11 08:00,32067.7720,32747.9500,32067.7720,stop,0.024394,-0.000154,-0.009967,24.0,1,tp@2022-05-10 20:00:30707.4160:0.500;tp@2022-05-10 20:00:31303.5988:0.125;stop@2022-05-11 08:00:32003.6365:0.375
64,S,2022-05-12 12:00,2022-05-13 00:00,29313.0602,30347.7710,29313.0602,stop,-0.036717,0.000218,-0.022063,16.0,2,stop@2022-05-13 00:00:30347.7710:1.000
65,L,2022-05-31 20:00,2022-06-01 12:00,31601.0175,31128.3340,31601.0175,stop,-0.016358,0.000200,-0.007690,20.0,1,stop@2022-06-01 12:00:31128.3340:1.000
66,L,2022-06-02 12:00,2022-06-03 08:00,29804.1374,29477.4017,29804.1374,stop,0.011166,-0.000003,-0.007524,24.0,1,tp@2022-06-02 20:00:30457.6087:0.500;stop@2022-06-03 08:00:29863.7457:0.500
67,S,2022-06-08 00:00,2022-06-12 00:00,30934.7996,31523.0864,30934.7996,tp,0.063522,-0.000792,-0.012614,100.0,1,tp@2022-06-10 00:00:29758.2259:0.500;tp@2022-06-10 16:00:28827.3306:0.125;tp@2022-06-11 12:00:28546.8330:0.125;tp@2022-06-11 16:00:28091.8035:0.125;tp@2022-06-12 00:00:27356.2765:0.125
68,S,2022-06-12 12:00,2022-06-21 04:00,28122.9238,28615.8909,28122.9238,v,0.114008,-0.000041,-0.007637,212.0,1,tp@2022-06-12 20:00:27136.9895:0.500;tp@2022-06-12 20:00:27356.2765:0.125;v@2022-06-21 04:00:21107.7000:0.375
69,L,2022-07-19 04:00,2022-07-19 16:00,21820.1394,21321.5429,21820.1394,tp,0.041189,0.000113,-0.011235,16.0,1,tp@2022-07-19 12:00:22817.3325:0.500;tp@2022-07-19 12:00:22089.4856:0.125;tp@2022-07-19 12:00:22339.1096:0.125;tp@2022-07-19 12:00:22744.0552:0.125;tp@2022-07-19 16:00:23398.6248:0.125
70,L,2022-07-22 16:00,2022-07-23 08:00,22609.7953,22273.1794,22609.7953,stop,-0.016189,0.000101,-0.004856,20.0,6,stop@2022-07-23 08:00:22273.1794:1.000
71,S,2022-08-23 00:00,2022-08-23 12:00,21344.1748,21614.6500,21344.1748,stop,-0.013912,0.000040,-0.009479,16.0,1,stop@2022-08-23 12:00:21614.6500:1.000
72,S,2022-08-30 00:00,2022-08-30 04:00,20170.2691,20426.6968,20170.2691,stop,-0.013902,-0.000011,-0.005559,8.0,2,stop@2022-08-30 04:00:20426.6968:1.000
73,L,2022-09-18 08:00,2022-09-18 16:00,19903.5272,19680.1818,19903.5272,stop,-0.012535,0.000114,-0.009874,12.0,4,stop@2022-09-18 16:00:19680.1818:1.000
74,L,2022-09-28 08:00,2022-10-13 08:00,18697.2428,18404.6200,18697.2428,stop,0.035827,0.001228,-0.007415,364.0,1,tp@2022-09-28 12:00:19282.4883:0.500;tp@2022-10-04 12:00:20223.1829:0.125;tp@2022-10-04 20:00:20387.8847:0.125;stop@2022-10-13 08:00:18734.6372:0.250
75,S,2022-11-22 20:00,2022-11-23 00:00,16112.0743,16357.9270,16112.0743,stop,-0.016365,-0.000094,-0.008560,8.0,1,stop@2022-11-23 00:00:16357.9270:1.000
76,L,2023-01-12 12:00,2023-02-11 00:00,18034.3629,17848.6928,18034.3629,dexit,0.104393,0.004725,-0.007046,712.0,1,tp@2023-01-12 16:00:18405.7030:0.500;dexit@2023-02-11 00:00:21618.6000:0.500
77,L,2023-02-16 12:00,2023-02-16 20:00,24472.9127,24214.1390,24472.9127,stop,0.011639,0.000087,-0.006575,12.0,1,tp@2023-02-16 12:00:24990.4602:0.500;tp@2023-02-16 12:00:24688.6180:0.125;stop@2023-02-16 20:00:24521.8586:0.375
78,L,2023-02-22 08:00,2023-02-22 12:00,24069.1033,23779.9455,24069.1033,stop,-0.013314,0.000100,-0.008883,8.0,1,stop@2023-02-22 12:00:23779.9455:1.000
79,L,2023-03-15 08:00,2023-03-15 16:00,24291.9900,23879.1470,24291.9900,stop,0.017976,0.000083,-0.001070,12.0,1,tp@2023-03-15 12:00:25117.6760:0.500;tp@2023-03-15 12:00:24489.0058:0.125;stop@2023-03-15 16:00:24340.5740:0.375
80,L,2023-03-18 16:00,2023-03-22 16:00,26686.9839,26171.2500,26686.9839,stop,0.018954,0.000572,-0.004927,100.0,4,tp@2023-03-19 12:00:27718.4517:0.500;stop@2023-03-22 16:00:26740.3579:0.500
81,L,2023-03-23 00:00,2023-03-24 20:00,27235.0568,26540.1400,27235.0568,stop,0.025524,0.000192,-0.004922,48.0,1,tp@2023-03-23 12:00:28624.8904:0.500;stop@2023-03-24 20:00:27289.5269:0.500
82,L,2023-03-30 04:00,2023-03-30 16:00,28456.0235,28035.1415,28456.0235,stop,-0.016058,0.000068,-0.010881,16.0,1,stop@2023-03-30 16:00:28035.1415:1.000
83,L,2023-04-27 12:00,2023-05-01 00:00,28665.1611,28280.2041,28665.1611,stop,0.013342,0.000288,-0.000529,88.0,1,tp@2023-04-27 12:00:29435.0750:0.500;stop@2023-05-01 00:00:28722.4914:0.500
84,S,2023-06-15 12:00,2023-06-15 16:00,25023.9574,25274.3964,25023.9574,stop,-0.011141,-0.000067,-0.003039,8.0,1,stop@2023-06-15 16:00:25274.3964:1.000
85,L,2023-06-24 12:00,2023-06-28 16:00,30355.1916,29811.3967,30355.1916,stop,-0.020353,0.001239,-0.015322,104.0,4,stop@2023-06-28 16:00:29811.3967:1.000
86,S,2023-08-24 08:00,2023-08-29 12:00,26545.0564,26794.9444,26545.0564,stop,0.009824,-0.000210,-0.000876,128.0,1,tp@2023-08-24 12:00:26045.2804:0.500;stop@2023-08-29 12:00:26491.9663:0.500
87,L,2023-10-21 00:00,2024-01-12 20:00,29464.3302,29126.7568,29464.3302,v,0.219201,0.017820,-0.000707,2016.0,2,tp@2023-10-21 16:00:30139.4770:0.500;v@2024-01-12 20:00:42788.9000:0.500
88,L,2024-03-04 00:00,2024-03-04 00:00,62413.3709,61699.9432,62413.3709,stop,0.011631,0.000000,0.000000,4.0,1,tp@2024-03-04 00:00:63840.2262:0.500;stop@2024-03-04 00:00:62538.1976:0.500
89,L,2024-03-10 12:00,2024-03-11 00:00,68878.5203,68057.7125,68878.5203,stop,-0.014016,0.000900,-0.010504,16.0,1,stop@2024-03-11 00:00:68057.7125:1.000
90,L,2024-04-08 00:00,2024-04-09 08:00,69446.2488,68674.6561,69446.2488,stop,0.015774,0.000488,-0.005844,36.0,1,tp@2024-04-08 08:00:70989.4342:0.500;tp@2024-04-08 08:00:72280.3234:0.125;stop@2024-04-09 08:00:69585.1413:0.375
91,S,2024-05-04 16:00,2024-05-06 08:00,63963.6951,64741.5437,63963.6951,stop,-0.013251,-0.000110,-0.010640,44.0,1,stop@2024-05-06 08:00:64741.5437:1.000
92,L,2024-05-19 12:00,2024-05-19 16:00,66886.3477,66303.6904,66886.3477,stop,-0.009959,0.000048,-0.003991,8.0,3,stop@2024-05-19 16:00:66303.6904:1.000
93,S,2024-07-05 12:00,2024-07-06 16:00,56371.6558,57706.0002,56371.6558,stop,-0.024688,-0.000183,-0.018597,32.0,1,stop@2024-07-06 16:00:57706.0002:1.000
94,L,2024-08-29 00:00,2024-08-29 16:00,58984.9415,58224.8000,58984.9415,stop,0.013101,-0.000014,-0.002559,20.0,2,tp@2024-08-29 12:00:60505.2246:0.500;stop@2024-08-29 16:00:59102.9114:0.500
95,L,2024-10-15 16:00,2024-10-23 08:00,66047.4994,65004.4997,66047.4994,stop,0.019528,0.000693,-0.001437,188.0,1,tp@2024-10-16 08:00:68133.4989:0.500;tp@2024-10-16 08:00:66591.4866:0.125;tp@2024-10-16 08:00:67897.0834:0.125;stop@2024-10-23 08:00:66179.5944:0.250
96,L,2024-11-07 04:00,2024-12-05 20:00,74897.8996,73912.0965,74897.8996,v,0.088476,0.003975,-0.005980,692.0,1,tp@2024-11-07 20:00:76869.5059:0.500;tp@2024-11-07 20:00:75966.1310:0.125;tp@2024-11-10 00:00:77415.4990:0.125;v@2024-12-05 20:00:97001.5000:0.250
97,S,2025-01-02 00:00,2025-01-02 08:00,95233.9672,96543.0629,95233.9672,stop,-0.014846,-0.000100,-0.008373,12.0,7,stop@2025-01-02 08:00:96543.0629:1.000
98,L,2025-02-01 00:00,2025-02-01 08:00,103219.8654,101793.7000,103219.8654,stop,-0.015070,0.000054,-0.011248,12.0,1,stop@2025-02-01 08:00:101793.7000:1.000
99,S,2025-02-13 20:00,2025-02-14 16:00,96701.8527,97811.8579,96701.8527,stop,-0.012512,-0.000167,-0.008886,24.0,2,stop@2025-02-14 16:00:97811.8579:1.000
100,S,2025-03-01 20:00,2025-03-02 12:00,85731.8964,86776.0495,85731.8964,stop,-0.013418,0.000039,-0.009134,20.0,2,stop@2025-03-02 12:00:86776.0495:1.000
101,S,2025-03-12 08:00,2025-03-12 12:00,82904.2740,83993.0254,82904.2740,stop,-0.014333,0.000000,-0.001720,8.0,1,stop@2025-03-12 12:00:83993.0254:1.000
102,L,2025-04-13 08:00,2025-04-13 16:00,84263.2111,83182.3022,84263.2111,stop,-0.014124,0.000096,-0.009643,12.0,3,stop@2025-04-13 16:00:83182.3022:1.000
103,L,2025-06-10 12:00,2025-06-12 08:00,108617.5653,107240.7098,108617.5653,stop,-0.014271,0.000395,-0.012130,48.0,3,stop@2025-06-12 08:00:107240.7098:1.000
104,L,2025-08-13 00:00,2025-08-13 20:00,119071.2525,117880.0956,119071.2525,tp,0.020162,0.000113,-0.002035,24.0,1,tp@2025-08-13 12:00:121453.5664:0.500;tp@2025-08-13 12:00:120283.6321:0.125;tp@2025-08-13 12:00:120883.1320:0.125;tp@2025-08-13 12:00:121855.6540:0.125;tp@2025-08-13 20:00:123427.6760:0.125
105,S,2025-11-02 20:00,2025-11-04 16:00,110516.5200,111549.6480,110516.5200,tp,0.040303,-0.000182,-0.001760,48.0,1,tp@2025-11-03 00:00:108450.2640:0.500;tp@2025-11-03 16:00:105381.8739:0.125;tp@2025-11-04 04:00:104589.8640:0.125;tp@2025-11-04 12:00:103305.0480:0.125;tp@2025-11-04 16:00:101228.2220:0.125
106,S,2025-11-15 00:00,2025-11-25 00:00,96280.1568,97669.7328,96280.1568,dexit,0.044045,-0.000820,-0.005399,244.0,1,tp@2025-11-16 20:00:93501.0048:0.500;tp@2025-11-16 20:00:94434.6055:0.125;tp@2025-11-17 16:00:91648.4745:0.125;dexit@2025-11-25 00:00:88247.1000:0.250
107,L,2025-12-03 12:00,2025-12-05 12:00,91932.5572,90681.9356,91932.5572,stop,-0.015002,0.000199,-0.012075,52.0,1,stop@2025-12-05 12:00:90681.9356:1.000
108,L,2026-01-09 08:00,2026-01-12 12:00,90026.4832,88974.2740,90026.4832,stop,0.011507,0.000381,-0.004373,80.0,4,tp@2026-01-12 00:00:92130.9017:0.500;stop@2026-01-12 12:00:90206.5362:0.500
109,S,2026-02-03 04:00,2026-02-05 16:00,78650.6237,79548.9330,78650.6237,tp,0.062572,-0.000066,-0.005065,64.0,1,tp@2026-02-03 16:00:76854.0052:0.500;tp@2026-02-03 16:00:73524.6000:0.125;tp@2026-02-04 16:00:72183.6000:0.125;tp@2026-02-05 08:00:70008.2000:0.125;tp@2026-02-05 16:00:66491.8000:0.125
110,S,2026-02-08 08:00,2026-02-08 20:00,70500.8682,71905.0700,70500.8682,stop,-0.021166,0.000049,-0.014525,16.0,5,stop@2026-02-08 20:00:71905.0700:1.000
111,S,2026-02-24 16:00,2026-02-25 00:00,64238.0061,65174.9400,64238.0061,stop,-0.015763,-0.000022,-0.007489,12.0,2,stop@2026-02-25 00:00:65174.9400:1.000
112,S,2026-06-26 12:00,2026-06-27 12:00,60193.3071,60916.2020,60193.3071,stop,-0.013041,-0.000168,-0.006424,28.0,1,stop@2026-06-27 12:00:60916.2020:1.000
113,L,2026-08-22 04:00,2026-08-23 04:00,77060.2742,76008.2890,77060.2742,stop,-0.015151,0.000300,-0.007141,28.0,2,stop@2026-08-23 04:00:76008.2890:1.000
114,L,2026-08-25 04:00,2026-08-25 12:00,79322.3332,78174.7700,79322.3332,stop,-0.015767,0.000100,-0.006241,12.0,1,stop@2026-08-25 12:00:78174.7700:1.000
